Added Component: Designator=C1(C0603)
Added Component: Designator=C2(C0402)
Added Component: Designator=C3(C0402)
Added Component: Designator=C4(C0402)
Added Component: Designator=C5(C0603)
Added Component: Designator=C6(C0603)
Added Component: Designator=C7(C0603)
Added Component: Designator=C8(C0402)
Added Component: Designator=C9(C0603)
Added Component: Designator=C10(C0402)
Added Component: Designator=C11(C0402)
Added Component: Designator=C12(C0402)
Added Component: Designator=C13(C0603)
Added Component: Designator=C14(C0402)
Added Component: Designator=C15(C0402)
Added Component: Designator=C16(C0603)
Added Component: Designator=C17(C0402)
Added Component: Designator=C18(C0402)
Added Component: Designator=C19(C0603)
Added Component: Designator=C20(C0402)
Add component (AddParameter): Name = "ComponentLink1Description"; Value = "LCSC"; VariantName = "[No Variations]"
Add component (AddParameter): Name = "ComponentLink1URL"; Value = "https://www.lcsc.com/product-detail/C60137.html?s_z=n_q_t_47PF&spm=wm.fly.bg.1.xh___wm.ssy.tc.0.tz&lcsc_vid=EwRWBFZSQVIPVFdUTlJfVldeFFRYUFQAElRYBFRRE1MxVlNeRVlXVVRWRlJYVDsOAxUeFF5JWBYZEEoKFBINSQcJGk4NBhADEA4cHktXRlVcSQwSGg0%3D"; VariantName = "[No Variations]"
Added Component: Designator=C21(C0402)
Added Component: Designator=C22(C0402)
Added Component: Designator=C23(C0402)
Added Component: Designator=C24(C0402)
Added Component: Designator=C25(C0402)
Added Component: Designator=C26(C0402)
Added Component: Designator=C27(C0402)
Added Component: Designator=C28(C0603)
Added Component: Designator=C29(C0603)
Added Component: Designator=C30(C0603)
Added Component: Designator=C31(C0603)
Added Component: Designator=C32(C0402)
Added Component: Designator=C33(C0402)
Added Component: Designator=C34(C0402)
Added Component: Designator=C35(C0603)
Added Component: Designator=C36(C0603)
Added Component: Designator=C37(C0603)
Added Component: Designator=C38(C0402)
Added Component: Designator=C39(C0201)
Added Component: Designator=C40(C0402)
Added Component: Designator=C41(C0603)
Added Component: Designator=C42(C0402)
Added Component: Designator=C43(C0402)
Added Component: Designator=C44(C0402)
Added Component: Designator=C45(C0402)
Added Component: Designator=C46(C0402)
Added Component: Designator=C47(C0402)
Added Component: Designator=C48(C0402)
Added Component: Designator=C49(C0402)
Added Component: Designator=C50(C0402)
Added Component: Designator=C51(C0402)
Added Component: Designator=C52(C0402)
Added Component: Designator=C53(C0402)
Added Component: Designator=C54(C0402)
Added Component: Designator=C55(C0402)
Added Component: Designator=C56(C0402)
Added Component: Designator=C57(C0402)
Added Component: Designator=C58(C0402)
Added Component: Designator=C59(C0402)
Added Component: Designator=C60(C0201)
Add component (AddParameter): Name = "ComponentLink1Description"; Value = "LCSC"; VariantName = "[No Variations]"
Add component (AddParameter): Name = "ComponentLink1URL"; Value = "https://www.lcsc.com/product-detail/C277480.html?s_z=n_q_t_15PF&spm=wm.fly.bg.0.xh___wm.ssy.tc.0.tz&lcsc_vid=EwRWBFZSQVIPVFdUTlJfVldeFFRYUFQAElRYBFRRE1MxVlNeRFdcX11TTlBaVjsOAxUeFF5JWBYZEEoKFBINSQcJGk4NBhADEA4cHktXRlRZSQwSGg0%3D"; VariantName = "[No Variations]"
Added Component: Designator=C61(C0201)
Add component (AddParameter): Name = "ComponentLink1Description"; Value = "LCSC"; VariantName = "[No Variations]"
Add component (AddParameter): Name = "ComponentLink1URL"; Value = "https://www.lcsc.com/product-detail/C277480.html?s_z=n_q_t_15PF&spm=wm.fly.bg.0.xh___wm.ssy.tc.0.tz&lcsc_vid=EwRWBFZSQVIPVFdUTlJfVldeFFRYUFQAElRYBFRRE1MxVlNeRFdcX11TTlBaVjsOAxUeFF5JWBYZEEoKFBINSQcJGk4NBhADEA4cHktXRlRZSQwSGg0%3D"; VariantName = "[No Variations]"
Added Component: Designator=C62(C0201)
Added Component: Designator=C63(C0201)
Added Component: Designator=C64(C0402)
Added Component: Designator=C65(C0201)
Added Component: Designator=C66(C0201)
Added Component: Designator=C67(C0402)
Added Component: Designator=C68(C0201)
Added Component: Designator=C69(C0201)
Added Component: Designator=C70(C0402)
Added Component: Designator=C71(C0201)
Added Component: Designator=C72(C0201)
Added Component: Designator=C73(C0201)
Added Component: Designator=C74(C0201)
Added Component: Designator=C75(C0402)
Added Component: Designator=C76(C0201)
Added Component: Designator=C77(C0201)
Added Component: Designator=C78(C0201)
Added Component: Designator=C79(C0201)
Added Component: Designator=C80(C0402)
Add component (AddParameter): Name = "ComponentLink1Description"; Value = "LCSC"; VariantName = "[No Variations]"
Add component (AddParameter): Name = "ComponentLink1URL"; Value = "https://www.lcsc.com/product-detail/C385994.html?s_z=n_q_t_22UF&spm=wm.fly.bg.2.xh___wm.ssy.tc.2.tz&lcsc_vid=EwRWBFZSQVIPVFdUTlJfVldeFFRYUFQAElRYBFRRE1MxVlNeRFZbX1BRRVlbVDsOAxUeFF5JWBYZEEoKFBINSQcJGk4NBhADEA4cHktXRlhXSQwSGg0%3D"; VariantName = "[No Variations]"
Added Component: Designator=C81(C0402)
Added Component: Designator=C82(C0201)
Added Component: Designator=C83(C0201)
Added Component: Designator=C84(C0402)
Add component (AddParameter): Name = "ComponentLink1Description"; Value = "LCSC"; VariantName = "[No Variations]"
Add component (AddParameter): Name = "ComponentLink1URL"; Value = "https://www.lcsc.com/product-detail/C385994.html?s_z=n_q_t_22UF&spm=wm.fly.bg.2.xh___wm.ssy.tc.2.tz&lcsc_vid=EwRWBFZSQVIPVFdUTlJfVldeFFRYUFQAElRYBFRRE1MxVlNeRFZbX1BRRVlbVDsOAxUeFF5JWBYZEEoKFBINSQcJGk4NBhADEA4cHktXRlhXSQwSGg0%3D"; VariantName = "[No Variations]"
Added Component: Designator=C85(C0402)
Added Component: Designator=C86(C0201)
Added Component: Designator=C87(C0201)
Added Component: Designator=C88(C0201)
Added Component: Designator=C89(C0201)
Added Component: Designator=C90(C0201)
Added Component: Designator=C91(C0201)
Added Component: Designator=C92(C0201)
Added Component: Designator=C93(C0201)
Added Component: Designator=C94(C0201)
Added Component: Designator=C95(C0201)
Added Component: Designator=C96(C0201)
Added Component: Designator=C97(C0201)
Added Component: Designator=C98(C0402)
Add component (AddParameter): Name = "ComponentLink1Description"; Value = "LCSC"; VariantName = "[No Variations]"
Add component (AddParameter): Name = "ComponentLink1URL"; Value = "https://www.lcsc.com/product-detail/C385994.html?s_z=n_q_t_22UF&spm=wm.fly.bg.2.xh___wm.ssy.tc.2.tz&lcsc_vid=EwRWBFZSQVIPVFdUTlJfVldeFFRYUFQAElRYBFRRE1MxVlNeRFZbX1BRRVlbVDsOAxUeFF5JWBYZEEoKFBINSQcJGk4NBhADEA4cHktXRlhXSQwSGg0%3D"; VariantName = "[No Variations]"
Added Component: Designator=C99(C0402)
Added Component: Designator=C100(C0201)
Added Component: Designator=C101(C0201)
Added Component: Designator=C102(C0402)
Add component (AddParameter): Name = "ComponentLink1Description"; Value = "LCSC"; VariantName = "[No Variations]"
Add component (AddParameter): Name = "ComponentLink1URL"; Value = "https://www.lcsc.com/product-detail/C385994.html?s_z=n_q_t_22UF&spm=wm.fly.bg.2.xh___wm.ssy.tc.2.tz&lcsc_vid=EwRWBFZSQVIPVFdUTlJfVldeFFRYUFQAElRYBFRRE1MxVlNeRFZbX1BRRVlbVDsOAxUeFF5JWBYZEEoKFBINSQcJGk4NBhADEA4cHktXRlhXSQwSGg0%3D"; VariantName = "[No Variations]"
Added Component: Designator=C103(C0402)
Added Component: Designator=C104(C0201)
Added Component: Designator=C105(C0201)
Added Component: Designator=C106(C0201)
Added Component: Designator=C107(C0201)
Added Component: Designator=C108(C0201)
Added Component: Designator=C109(C0201)
Added Component: Designator=C110(C0201)
Added Component: Designator=C111(C0201)
Added Component: Designator=C112(C0201)
Added Component: Designator=C113(C0201)
Added Component: Designator=C114(C0201)
Added Component: Designator=C115(C0201)
Added Component: Designator=C116(C0402)
Add component (AddParameter): Name = "ComponentLink1Description"; Value = "LCSC"; VariantName = "[No Variations]"
Add component (AddParameter): Name = "ComponentLink1URL"; Value = "https://www.lcsc.com/product-detail/C385994.html?s_z=n_q_t_22UF&spm=wm.fly.bg.2.xh___wm.ssy.tc.2.tz&lcsc_vid=EwRWBFZSQVIPVFdUTlJfVldeFFRYUFQAElRYBFRRE1MxVlNeRFZbX1BRRVlbVDsOAxUeFF5JWBYZEEoKFBINSQcJGk4NBhADEA4cHktXRlhXSQwSGg0%3D"; VariantName = "[No Variations]"
Added Component: Designator=C117(C0402)
Added Component: Designator=C118(C0201)
Added Component: Designator=C119(C0201)
Added Component: Designator=C120(C0201)
Added Component: Designator=C121(C0201)
Added Component: Designator=C122(C0201)
Added Component: Designator=C123(C0201)
Added Component: Designator=C124(C0201)
Added Component: Designator=C125(C0201)
Added Component: Designator=C126(C0201)
Added Component: Designator=C127(C0201)
Added Component: Designator=C128(C0402)
Added Component: Designator=C129(C0201)
Added Component: Designator=C130(C0201)
Added Component: Designator=C131(C0201)
Added Component: Designator=C132(C0201)
Added Component: Designator=C133(C0402)
Added Component: Designator=C134(C0201)
Added Component: Designator=C135(C0201)
Added Component: Designator=C136(C0201)
Added Component: Designator=C137(C0201)
Added Component: Designator=C138(C0201)
Added Component: Designator=C139(C0402)
Added Component: Designator=C140(C0201)
Added Component: Designator=C141(C0402)
Added Component: Designator=C142(C0201)
Added Component: Designator=C143(C0201)
Added Component: Designator=C144(C0402)
Added Component: Designator=C145(C0402)
Added Component: Designator=C146(C0402)
Added Component: Designator=C147(C0201)
Added Component: Designator=C148(C0201)
Added Component: Designator=C149(C0201)
Added Component: Designator=C150(C0201)
Added Component: Designator=C151(C0201)
Added Component: Designator=C152(C0201)
Added Component: Designator=C153(C0201)
Added Component: Designator=C154(C0201)
Added Component: Designator=C155(C0201)
Added Component: Designator=C156(C0201)
Added Component: Designator=C157(C0201)
Added Component: Designator=C158(C0201)
Added Component: Designator=C159(C0201)
Added Component: Designator=C160(C0201)
Added Component: Designator=C161(C0201)
Added Component: Designator=C162(C0201)
Added Component: Designator=C163(C0201)
Added Component: Designator=C164(C0201)
Added Component: Designator=C165(C0201)
Added Component: Designator=C166(C0201)
Added Component: Designator=C167(C0201)
Added Component: Designator=C168(C0201)
Added Component: Designator=C169(C0201)
Added Component: Designator=C170(C0201)
Added Component: Designator=C171(C0201)
Added Component: Designator=C172(C0201)
Added Component: Designator=C173(C0201)
Added Component: Designator=C174(C0201)
Added Component: Designator=C175(C0201)
Added Component: Designator=C176(C0201)
Added Component: Designator=C177(C0201)
Added Component: Designator=C178(C0201)
Added Component: Designator=C179(C0201)
Added Component: Designator=C180(C0201)
Added Component: Designator=C181(C0201)
Added Component: Designator=C182(C0201)
Added Component: Designator=C183(C0201)
Added Component: Designator=C184(C0402)
Added Component: Designator=C185(C0201)
Added Component: Designator=C186(C0402)
Added Component: Designator=C187(C0201)
Added Component: Designator=C188(C0201)
Added Component: Designator=C?(C0201)
Added Component: Designator=CN1(CONN-TH_S4B-XH-A-LF-SN)
Added Component: Designator=CN2(CONN-SMD_30P-P0.50_HRS_DF12NB-3.0-30DP-0.5V)
Added Component: Designator=D1(X1SON-2_L1.0-W0.6-P0.65-BI-1)
Added Component: Designator=D2(DSN0603-2_L0.7-W0.3-P0.40-BI)
Added Component: Designator=D3(DSN0603-2_L0.7-W0.3-P0.40-BI)
Added Component: Designator=D4(DSN0603-2_L0.7-W0.3-P0.40-BI)
Added Component: Designator=D5(DSN0603-2_L0.7-W0.3-P0.40-BI)
Added Component: Designator=D6(DSN0603-2_L0.7-W0.3-P0.40-BI)
Added Component: Designator=D7(DSN0603-2_L0.7-W0.3-P0.40-BI)
Added Component: Designator=D8(DSN0603-2_L0.7-W0.3-P0.40-BI)
Added Component: Designator=D9(DSN0603-2_L0.7-W0.3-P0.40-BI)
Added Component: Designator=D10(DSN0603-2_L0.7-W0.3-P0.40-BI)
Added Component: Designator=D11(DSN0603-2_L0.7-W0.3-P0.40-BI)
Added Component: Designator=D12(DSN0603-2_L0.7-W0.3-P0.40-BI)
Added Component: Designator=D13(DSN0603-2_L0.7-W0.3-P0.40-BI)
Added Component: Designator=D14(DSN0603-2_L0.7-W0.3-P0.40-BI)
Added Component: Designator=D15(DSN0603-2_L0.7-W0.3-P0.40-BI)
Added Component: Designator=FPC1(FPC-SMD_FH35C-41S-0.3SHW-50)
Added Component: Designator=IC1(BGA-20_L15.6-W2.0-R4-C6-P0.40-BL)
Added Component: Designator=IC2(SOT-23-5_L3.0-W1.7-P0.95-LS2.8-BR)
Add component (AddParameter): Name = "ComponentLink1Description"; Value = "LCSC"; VariantName = "[No Variations]"
Add component (AddParameter): Name = "ComponentLink1URL"; Value = "https://www.lcsc.com/product-detail/C479074.html?s_z=n_q_SY8089A&spm=wm.fly.bg.0.xh&lcsc_vid=EwRWBFZSQVIPVFdUTlJfVldeFFRYUFQAElRYBFRRE1MxVlNeRVlcV1JUT1FeXzsOAxUeFF5JWBYZEEoKFBINSQcJGk4NBhADEA4cHktXR1NXSQwSGg0%3D"; VariantName = "[No Variations]"
Added Component: Designator=IC3(SOT-23-5_L3.0-W1.7-P0.95-LS2.8-BR)
Add component (AddParameter): Name = "ComponentLink1Description"; Value = "LCSC"; VariantName = "[No Variations]"
Add component (AddParameter): Name = "ComponentLink1URL"; Value = "https://www.lcsc.com/product-detail/C479074.html?s_z=n_q_SY8089A&spm=wm.fly.bg.0.xh&lcsc_vid=EwRWBFZSQVIPVFdUTlJfVldeFFRYUFQAElRYBFRRE1MxVlNeRVlcV1JUT1FeXzsOAxUeFF5JWBYZEEoKFBINSQcJGk4NBhADEA4cHktXR1NXSQwSGg0%3D"; VariantName = "[No Variations]"
Added Component: Designator=IC4(QFN-28_L4.0-W4.0-P0.40-TL-EP2.4)
Added Component: Designator=IC5(SOT-23-5_L3.0-W1.7-P0.95-LS2.8-BR)
Add component (AddParameter): Name = "ComponentLink1Description"; Value = "LCSC"; VariantName = "[No Variations]"
Add component (AddParameter): Name = "ComponentLink1URL"; Value = "https://www.lcsc.com/product-detail/C324567.html?s_z=n_q_LP3983SAB5F-08&spm=wm.fly.bg.0.xh&lcsc_vid=EwRWBFZSQVIPVFdUTlJfVldeFFRYUFQAElRYBFRRE1MxVlNeRVlfX1BQRFFcUTsOAxUeFF5JWBYZEEoKFBINSQcJGk4dAgUUFAk%3D"; VariantName = "[No Variations]"
Added Component: Designator=IC6(WQFN-40_L5.0-W5.0-P0.4-BL-EP)
Added Component: Designator=L1(IND_1008)
Add component (AddParameter): Name = "Case/Package"; Value = "1008"; VariantName = "[No Variations]"
Add component (AddParameter): Name = "Manufacturer"; Value = "Murata Electronics"; VariantName = "[No Variations]"
Add component (AddParameter): Name = "Manufacturer Part Number"; Value = "DFE252010P-R47M=P2"; VariantName = "[No Variations]"
Add component (AddParameter): Name = "Supplier-1"; Value = "Digikey"; VariantName = "[No Variations]"
Added Component: Designator=L2(IND_1008)
Add component (AddParameter): Name = "Case/Package"; Value = "1008"; VariantName = "[No Variations]"
Add component (AddParameter): Name = "Manufacturer"; Value = "Murata Electronics"; VariantName = "[No Variations]"
Add component (AddParameter): Name = "Manufacturer Part Number"; Value = "DFE252010P-R47M=P2"; VariantName = "[No Variations]"
Add component (AddParameter): Name = "Supplier-1"; Value = "Digikey"; VariantName = "[No Variations]"
Added Component: Designator=L3(IND_1008)
Add component (AddParameter): Name = "Case/Package"; Value = "1008"; VariantName = "[No Variations]"
Add component (AddParameter): Name = "Manufacturer"; Value = "Murata Electronics"; VariantName = "[No Variations]"
Add component (AddParameter): Name = "Manufacturer Part Number"; Value = "DFE252010P-R47M=P2"; VariantName = "[No Variations]"
Add component (AddParameter): Name = "Supplier-1"; Value = "Digikey"; VariantName = "[No Variations]"
Added Component: Designator=L4(IND_1008)
Add component (AddParameter): Name = "Case/Package"; Value = "1008"; VariantName = "[No Variations]"
Add component (AddParameter): Name = "Manufacturer"; Value = "Murata Electronics"; VariantName = "[No Variations]"
Add component (AddParameter): Name = "Manufacturer Part Number"; Value = "DFE252010P-R47M=P2"; VariantName = "[No Variations]"
Add component (AddParameter): Name = "Supplier-1"; Value = "Digikey"; VariantName = "[No Variations]"
Added Component: Designator=L5(IND_1008)
Add component (AddParameter): Name = "Case/Package"; Value = "1008"; VariantName = "[No Variations]"
Add component (AddParameter): Name = "Manufacturer"; Value = "Murata Electronics"; VariantName = "[No Variations]"
Add component (AddParameter): Name = "Manufacturer Part Number"; Value = "DFE252010P-R47M=P2"; VariantName = "[No Variations]"
Add component (AddParameter): Name = "Supplier-1"; Value = "Digikey"; VariantName = "[No Variations]"
Added Component: Designator=L6(IND_1008)
Add component (AddParameter): Name = "Case/Package"; Value = "1008"; VariantName = "[No Variations]"
Add component (AddParameter): Name = "ComponentLink1Description"; Value = "LCSC"; VariantName = "[No Variations]"
Add component (AddParameter): Name = "ComponentLink1URL"; Value = "https://www.lcsc.com/product-detail/C45385204.html?s_z=n_q_t_2.2UH&spm=wm.fly.bg.0.xh___wm.ssy.tc.0.tz&lcsc_vid=EwRWBFZSQVIPVFdUTlJfVldeFFRYUFQAElRYBFRRE1MxVlNeRVlWUV1XQ1hZVjsOAxUeFF5JWBYZEEoKFBINSQcJGk4NBhADEA4cHktXRlVcSQwSGg0%3D"; VariantName = "[No Variations]"
Add component (AddParameter): Name = "Manufacturer"; Value = "Murata Electronics"; VariantName = "[No Variations]"
Add component (AddParameter): Name = "Manufacturer Part Number"; Value = "DFE252010-R47M=P2"; VariantName = "[No Variations]"
Add component (AddParameter): Name = "Supplier-1"; Value = "Digikey"; VariantName = "[No Variations]"
Added Component: Designator=L7(IND_1008)
Add component (AddParameter): Name = "Case/Package"; Value = "1008"; VariantName = "[No Variations]"
Add component (AddParameter): Name = "ComponentLink1Description"; Value = "LCSC"; VariantName = "[No Variations]"
Add component (AddParameter): Name = "ComponentLink1URL"; Value = "https://www.lcsc.com/product-detail/C45385204.html?s_z=n_q_t_2.2UH&spm=wm.fly.bg.0.xh___wm.ssy.tc.0.tz&lcsc_vid=EwRWBFZSQVIPVFdUTlJfVldeFFRYUFQAElRYBFRRE1MxVlNeRVlWUV1XQ1hZVjsOAxUeFF5JWBYZEEoKFBINSQcJGk4NBhADEA4cHktXRlVcSQwSGg0%3D"; VariantName = "[No Variations]"
Add component (AddParameter): Name = "Manufacturer"; Value = "Murata Electronics"; VariantName = "[No Variations]"
Add component (AddParameter): Name = "Manufacturer Part Number"; Value = "DFE252010-R47M=P2"; VariantName = "[No Variations]"
Add component (AddParameter): Name = "Supplier-1"; Value = "Digikey"; VariantName = "[No Variations]"
Added Component: Designator=L8(R0402)
Added Component: Designator=L9(R0402)
Added Component: Designator=L10(R0402)
Added Component: Designator=L11(R0402)
Added Component: Designator=L12(R0402)
Added Component: Designator=L13(R0402)
Added Component: Designator=L14(IND_1008)
Add component (AddParameter): Name = "Case/Package"; Value = "1008"; VariantName = "[No Variations]"
Add component (AddParameter): Name = "Manufacturer"; Value = "Murata Electronics"; VariantName = "[No Variations]"
Add component (AddParameter): Name = "Manufacturer Part Number"; Value = "DFE252010P-R47M=P2"; VariantName = "[No Variations]"
Add component (AddParameter): Name = "Supplier-1"; Value = "Digikey"; VariantName = "[No Variations]"
Added Component: Designator=Q1(PowerPAK_1212-8_SMD)
Add component (AddParameter): Name = "Case/Package"; Value = "PowerPAK® 1212-8"; VariantName = "[No Variations]"
Add component (AddParameter): Name = "Manufacturer"; Value = "Vishay Siliconix"; VariantName = "[No Variations]"
Add component (AddParameter): Name = "Manufacturer Part Number"; Value = "SI7615CDN-T1-GE3"; VariantName = "[No Variations]"
Add component (AddParameter): Name = "Supplier-1"; Value = "Digikey"; VariantName = "[No Variations]"
Added Component: Designator=Q2(SOT-23-3_L2.9-W1.3-P1.90-LS2.4-BR)
Added Component: Designator=Q3(SOT-23-3_L2.9-W1.3-P1.90-LS2.4-BR)
Added Component: Designator=R1(R0402)
Added Component: Designator=R2(R0402)
Add component (AddParameter): Name = "ComponentLink1Description"; Value = "LCSC"; VariantName = "[No Variations]"
Add component (AddParameter): Name = "ComponentLink1URL"; Value = "https://www.lcsc.com/product-detail/C2076022.html?s_z=n_q_t_23.7K&spm=wm.fly.bg.0.xh___wm.ssy.tc.0.tz&lcsc_vid=EwRWBFZSQVIPVFdUTlJfVldeFFRYUFQAElRYBFRRE1MxVlNeRFdWV1xeQVRYUzsOAxUeFF5JWBYZEEoKFBINSQcJGk4NBhADEA4cHktXR1NXSQwSGg0%3D"; VariantName = "[No Variations]"
Added Component: Designator=R3(R0402)
Added Component: Designator=R4(R0402)
Added Component: Designator=R5(R0402)
Added Component: Designator=R6(R0402)
Add component (AddParameter): Name = "ComponentLink1Description"; Value = "LCSC"; VariantName = "[No Variations]"
Add component (AddParameter): Name = "ComponentLink1URL"; Value = "https://www.lcsc.com/product-detail/C2076022.html?s_z=n_q_t_23.7K&spm=wm.fly.bg.0.xh___wm.ssy.tc.0.tz&lcsc_vid=EwRWBFZSQVIPVFdUTlJfVldeFFRYUFQAElRYBFRRE1MxVlNeRFdWV1xeQVRYUzsOAxUeFF5JWBYZEEoKFBINSQcJGk4NBhADEA4cHktXR1NXSQwSGg0%3D"; VariantName = "[No Variations]"
Added Component: Designator=R7(R0402)
Add component (AddParameter): Name = "ComponentLink1Description"; Value = "LCSC"; VariantName = "[No Variations]"
Add component (AddParameter): Name = "ComponentLink1URL"; Value = "https://www.lcsc.com/product-detail/C2998080.html?spm=wm.fly.bg.0.xh&lcsc_vid=EwRWBFZSQVIPVFdUTlJfVldeFFRYUFQAElRYBFRRE1MxVlNeRVlXUFNQQ1RWXjsOAxUeFF5JWBYZEEoKFBINSQcJGk4eFQsCAgIaSgADAwAHC0slRlVYUFFIHxUDCw%3D%3D"; VariantName = "[No Variations]"
Added Component: Designator=R8(R0402)
Add component (AddParameter): Name = "ComponentLink1Description"; Value = "LCSC"; VariantName = "[No Variations]"
Add component (AddParameter): Name = "ComponentLink1URL"; Value = "https://www.lcsc.com/product-detail/C93949.html?spm=wm.fly.bg.0.xh&lcsc_vid=EwRWBFZSQVIPVFdUTlJfVldeFFRYUFQAElRYBFRRE1MxVlNeRVlXUFNQQ1RWXjsOAxUeFF5JWBYZEEoKFBINSQcJGk4eFQsCAgIaSgADAwAHC0slRlVYUFFIHxUDCw%3D%3D"; VariantName = "[No Variations]"
Added Component: Designator=R9(R0402)
Add component (AddParameter): Name = "ComponentLink1Description"; Value = "LCSC"; VariantName = "[No Variations]"
Add component (AddParameter): Name = "ComponentLink1URL"; Value = "https://www.lcsc.com/product-detail/C852962.html?s_z=n_q_t_96.5k&spm=wm.fly.bg.0.xh___wm.ssy.tc.0.tz&lcsc_vid=EwRWBFZSQVIPVFdUTlJfVldeFFRYUFQAElRYBFRRE1MxVlNeRFdZVVBVQ1VfVzsOAxUeFF5JWBYZEEoKFBINSQcJGk4dAgUUFAk%3D"; VariantName = "[No Variations]"
Added Component: Designator=R10(R0402)
Add component (AddParameter): Name = "ComponentLink1Description"; Value = "LCSC"; VariantName = "[No Variations]"
Add component (AddParameter): Name = "ComponentLink1URL"; Value = "https://www.lcsc.com/product-detail/C852808.html?spm=wm.fly.bg.1.xh&lcsc_vid=EwRWBFZSQVIPVFdUTlJfVldeFFRYUFQAElRYBFRRE1MxVlNeRFdZVVFWTlNbVTsOAxUeFF5JWBYZEEoKFBINSQcJGk4eFQsCAgIaSgADAwAHC0slT1RcXlJUWQkaCgg%3D"; VariantName = "[No Variations]"
Added Component: Designator=R11(R0402)
Add component (AddParameter): Name = "ComponentLink1Description"; Value = "LCSC"; VariantName = "[No Variations]"
Add component (AddParameter): Name = "ComponentLink1URL"; Value = "https://www.lcsc.com/product-detail/C93949.html?spm=wm.fly.bg.0.xh&lcsc_vid=EwRWBFZSQVIPVFdUTlJfVldeFFRYUFQAElRYBFRRE1MxVlNeRVlXUFNQQ1RWXjsOAxUeFF5JWBYZEEoKFBINSQcJGk4eFQsCAgIaSgADAwAHC0slRlVYUFFIHxUDCw%3D%3D"; VariantName = "[No Variations]"
Added Component: Designator=R12(R0402)
Add component (AddParameter): Name = "ComponentLink1Description"; Value = "LCSC"; VariantName = "[No Variations]"
Add component (AddParameter): Name = "ComponentLink1URL"; Value = "https://www.lcsc.com/product-detail/C93949.html?spm=wm.fly.bg.0.xh&lcsc_vid=EwRWBFZSQVIPVFdUTlJfVldeFFRYUFQAElRYBFRRE1MxVlNeRVlXUFNQQ1RWXjsOAxUeFF5JWBYZEEoKFBINSQcJGk4eFQsCAgIaSgADAwAHC0slRlVYUFFIHxUDCw%3D%3D"; VariantName = "[No Variations]"
Added Component: Designator=R13(R0402)
Add component (AddParameter): Name = "ComponentLink1Description"; Value = "LCSC"; VariantName = "[No Variations]"
Add component (AddParameter): Name = "ComponentLink1URL"; Value = "https://www.lcsc.com/product-detail/C93949.html?spm=wm.fly.bg.0.xh&lcsc_vid=EwRWBFZSQVIPVFdUTlJfVldeFFRYUFQAElRYBFRRE1MxVlNeRVlXUFNQQ1RWXjsOAxUeFF5JWBYZEEoKFBINSQcJGk4eFQsCAgIaSgADAwAHC0slRlVYUFFIHxUDCw%3D%3D"; VariantName = "[No Variations]"
Added Component: Designator=R14(R0402)
Added Component: Designator=R15(R0201)
Add component (AddParameter): Name = "ComponentLink1Description"; Value = "LCSC"; VariantName = "[No Variations]"
Add component (AddParameter): Name = "ComponentLink1URL"; Value = "https://www.lcsc.com/product-detail/C320826.html?spm=wm.fly.bg.3.xh&lcsc_vid=EwRWBFZSQVIPVFdUTlJfVldeFFRYUFQAElRYBFRRE1MxVlNeRFdcXlNfT1JZVDsOAxUeFF5JWBYZEEoKFBINSQcJGk4eFQsCAgIaSgADAwAHC0slRlRbUFBVWQkaCgg%3D"; VariantName = "[No Variations]"
Added Component: Designator=R16(R0201)
Add component (AddParameter): Name = "ComponentLink1Description"; Value = "LCSC"; VariantName = "[No Variations]"
Add component (AddParameter): Name = "ComponentLink1URL"; Value = "https://www.lcsc.com/product-detail/C93949.html?spm=wm.fly.bg.0.xh&lcsc_vid=EwRWBFZSQVIPVFdUTlJfVldeFFRYUFQAElRYBFRRE1MxVlNeRVlXUFNQQ1RWXjsOAxUeFF5JWBYZEEoKFBINSQcJGk4eFQsCAgIaSgADAwAHC0slRlVYUFFIHxUDCw%3D%3D"; VariantName = "[No Variations]"
Added Component: Designator=R17(R0201)
Added Component: Designator=R18(R0201)
Added Component: Designator=R19(R0201)
Added Component: Designator=R20(R0201)
Add component (AddParameter): Name = "ComponentLink1Description"; Value = "LCSC"; VariantName = "[No Variations]"
Add component (AddParameter): Name = "ComponentLink1URL"; Value = "https://www.lcsc.com/product-detail/C295718.html?s_z=n_q_t_120%2520OHM&spm=wm.fly.bg.5.xh___wm.ssy.tc.1.tz&lcsc_vid=EwRWBFZSQVIPVFdUTlJfVldeFFRYUFQAElRYBFRRE1MxVlNeRFZeU1BfTlBYVzsOAxUeFF5JWBYZEEoKFBINSQcJGk4eFQsCAgIaSgADAwAHC0slRVhcV1ZTT08GEwkK"; VariantName = "[No Variations]"
Added Component: Designator=R21(R0201)
Add component (AddParameter): Name = "ComponentLink1Description"; Value = "LCSC"; VariantName = "[No Variations]"
Add component (AddParameter): Name = "ComponentLink1URL"; Value = "https://www.lcsc.com/product-detail/C155745.html?s_z=n_q_t_240%2520OHM&spm=wm.fly.bg.0.xh___wm.ssy.tc.0.tz&lcsc_vid=EwRWBFZSQVIPVFdUTlJfVldeFFRYUFQAElRYBFRRE1MxVlNeRFdWVFBQTlZbVTsOAxUeFF5JWBYZEEoKFBINSQcJGk4dAgUUFAk%3D"; VariantName = "[No Variations]"
Added Component: Designator=R22(R0201)
Add component (AddParameter): Name = "ComponentLink1Description"; Value = "LCSC"; VariantName = "[No Variations]"
Add component (AddParameter): Name = "ComponentLink1URL"; Value = "https://www.lcsc.com/product-detail/C155745.html?s_z=n_q_t_240%2520OHM&spm=wm.fly.bg.0.xh___wm.ssy.tc.0.tz&lcsc_vid=EwRWBFZSQVIPVFdUTlJfVldeFFRYUFQAElRYBFRRE1MxVlNeRFdWVFBQTlZbVTsOAxUeFF5JWBYZEEoKFBINSQcJGk4dAgUUFAk%3D"; VariantName = "[No Variations]"
Added Component: Designator=R23(R0201)
Add component (AddParameter): Name = "ComponentLink1Description"; Value = "LCSC"; VariantName = "[No Variations]"
Add component (AddParameter): Name = "ComponentLink1URL"; Value = "https://www.lcsc.com/product-detail/C295718.html?s_z=n_q_t_120%2520OHM&spm=wm.fly.bg.5.xh___wm.ssy.tc.1.tz&lcsc_vid=EwRWBFZSQVIPVFdUTlJfVldeFFRYUFQAElRYBFRRE1MxVlNeRFZeU1BfTlBYVzsOAxUeFF5JWBYZEEoKFBINSQcJGk4eFQsCAgIaSgADAwAHC0slRVhcV1ZTT08GEwkK"; VariantName = "[No Variations]"
Added Component: Designator=R24(R0201)
Add component (AddParameter): Name = "ComponentLink1Description"; Value = "LCSC"; VariantName = "[No Variations]"
Add component (AddParameter): Name = "ComponentLink1URL"; Value = "https://www.lcsc.com/product-detail/C295718.html?s_z=n_q_t_120%2520OHM&spm=wm.fly.bg.5.xh___wm.ssy.tc.1.tz&lcsc_vid=EwRWBFZSQVIPVFdUTlJfVldeFFRYUFQAElRYBFRRE1MxVlNeRFZeU1BfTlBYVzsOAxUeFF5JWBYZEEoKFBINSQcJGk4eFQsCAgIaSgADAwAHC0slRVhcV1ZTT08GEwkK"; VariantName = "[No Variations]"
Added Component: Designator=R25(R0201)
Add component (AddParameter): Name = "ComponentLink1Description"; Value = "LCSC"; VariantName = "[No Variations]"
Add component (AddParameter): Name = "ComponentLink1URL"; Value = "https://www.lcsc.com/product-detail/C295718.html?s_z=n_q_t_120%2520OHM&spm=wm.fly.bg.5.xh___wm.ssy.tc.1.tz&lcsc_vid=EwRWBFZSQVIPVFdUTlJfVldeFFRYUFQAElRYBFRRE1MxVlNeRFZeU1BfTlBYVzsOAxUeFF5JWBYZEEoKFBINSQcJGk4eFQsCAgIaSgADAwAHC0slRVhcV1ZTT08GEwkK"; VariantName = "[No Variations]"
Added Component: Designator=R26(R0201)
Add component (AddParameter): Name = "ComponentLink1Description"; Value = "LCSC"; VariantName = "[No Variations]"
Add component (AddParameter): Name = "ComponentLink1URL"; Value = "https://www.lcsc.com/product-detail/C93949.html?spm=wm.fly.bg.0.xh&lcsc_vid=EwRWBFZSQVIPVFdUTlJfVldeFFRYUFQAElRYBFRRE1MxVlNeRVlXUFNQQ1RWXjsOAxUeFF5JWBYZEEoKFBINSQcJGk4eFQsCAgIaSgADAwAHC0slRlVYUFFIHxUDCw%3D%3D"; VariantName = "[No Variations]"
Added Component: Designator=R27(R0201)
Add component (AddParameter): Name = "ComponentLink1Description"; Value = "LCSC"; VariantName = "[No Variations]"
Add component (AddParameter): Name = "ComponentLink1URL"; Value = "https://www.lcsc.com/product-detail/C295718.html?s_z=n_q_t_120%2520OHM&spm=wm.fly.bg.5.xh___wm.ssy.tc.1.tz&lcsc_vid=EwRWBFZSQVIPVFdUTlJfVldeFFRYUFQAElRYBFRRE1MxVlNeRFZeU1BfTlBYVzsOAxUeFF5JWBYZEEoKFBINSQcJGk4eFQsCAgIaSgADAwAHC0slRVhcV1ZTT08GEwkK"; VariantName = "[No Variations]"
Added Component: Designator=R28(R0201)
Add component (AddParameter): Name = "ComponentLink1Description"; Value = "LCSC"; VariantName = "[No Variations]"
Add component (AddParameter): Name = "ComponentLink1URL"; Value = "https://www.lcsc.com/product-detail/C295718.html?s_z=n_q_t_120%2520OHM&spm=wm.fly.bg.5.xh___wm.ssy.tc.1.tz&lcsc_vid=EwRWBFZSQVIPVFdUTlJfVldeFFRYUFQAElRYBFRRE1MxVlNeRFZeU1BfTlBYVzsOAxUeFF5JWBYZEEoKFBINSQcJGk4eFQsCAgIaSgADAwAHC0slRVhcV1ZTT08GEwkK"; VariantName = "[No Variations]"
Added Component: Designator=R29(R0201)
Add component (AddParameter): Name = "ComponentLink1Description"; Value = "LCSC"; VariantName = "[No Variations]"
Add component (AddParameter): Name = "ComponentLink1URL"; Value = "https://www.lcsc.com/product-detail/C295718.html?s_z=n_q_t_120%2520OHM&spm=wm.fly.bg.5.xh___wm.ssy.tc.1.tz&lcsc_vid=EwRWBFZSQVIPVFdUTlJfVldeFFRYUFQAElRYBFRRE1MxVlNeRFZeU1BfTlBYVzsOAxUeFF5JWBYZEEoKFBINSQcJGk4eFQsCAgIaSgADAwAHC0slRVhcV1ZTT08GEwkK"; VariantName = "[No Variations]"
Added Component: Designator=R30(R0201)
Add component (AddParameter): Name = "ComponentLink1Description"; Value = "LCSC"; VariantName = "[No Variations]"
Add component (AddParameter): Name = "ComponentLink1URL"; Value = "https://www.lcsc.com/product-detail/C295718.html?s_z=n_q_t_120%2520OHM&spm=wm.fly.bg.5.xh___wm.ssy.tc.1.tz&lcsc_vid=EwRWBFZSQVIPVFdUTlJfVldeFFRYUFQAElRYBFRRE1MxVlNeRFZeU1BfTlBYVzsOAxUeFF5JWBYZEEoKFBINSQcJGk4eFQsCAgIaSgADAwAHC0slRVhcV1ZTT08GEwkK"; VariantName = "[No Variations]"
Added Component: Designator=R31(R0201)
Add component (AddParameter): Name = "ComponentLink1Description"; Value = "LCSC"; VariantName = "[No Variations]"
Add component (AddParameter): Name = "ComponentLink1URL"; Value = "https://www.lcsc.com/product-detail/C295718.html?s_z=n_q_t_120%2520OHM&spm=wm.fly.bg.5.xh___wm.ssy.tc.1.tz&lcsc_vid=EwRWBFZSQVIPVFdUTlJfVldeFFRYUFQAElRYBFRRE1MxVlNeRFZeU1BfTlBYVzsOAxUeFF5JWBYZEEoKFBINSQcJGk4eFQsCAgIaSgADAwAHC0slRVhcV1ZTT08GEwkK"; VariantName = "[No Variations]"
Added Component: Designator=R32(R0201)
Add component (AddParameter): Name = "ComponentLink1Description"; Value = "LCSC"; VariantName = "[No Variations]"
Add component (AddParameter): Name = "ComponentLink1URL"; Value = "https://www.lcsc.com/product-detail/C295718.html?s_z=n_q_t_120%2520OHM&spm=wm.fly.bg.5.xh___wm.ssy.tc.1.tz&lcsc_vid=EwRWBFZSQVIPVFdUTlJfVldeFFRYUFQAElRYBFRRE1MxVlNeRFZeU1BfTlBYVzsOAxUeFF5JWBYZEEoKFBINSQcJGk4eFQsCAgIaSgADAwAHC0slRVhcV1ZTT08GEwkK"; VariantName = "[No Variations]"
Added Component: Designator=R33(R0201)
Add component (AddParameter): Name = "ComponentLink1Description"; Value = "LCSC"; VariantName = "[No Variations]"
Add component (AddParameter): Name = "ComponentLink1URL"; Value = "https://www.lcsc.com/product-detail/C93949.html?spm=wm.fly.bg.0.xh&lcsc_vid=EwRWBFZSQVIPVFdUTlJfVldeFFRYUFQAElRYBFRRE1MxVlNeRVlXUFNQQ1RWXjsOAxUeFF5JWBYZEEoKFBINSQcJGk4eFQsCAgIaSgADAwAHC0slRlVYUFFIHxUDCw%3D%3D"; VariantName = "[No Variations]"
Added Component: Designator=R34(R0201)
Add component (AddParameter): Name = "ComponentLink1Description"; Value = "LCSC"; VariantName = "[No Variations]"
Add component (AddParameter): Name = "ComponentLink1URL"; Value = "https://www.lcsc.com/product-detail/C295718.html?s_z=n_q_t_120%2520OHM&spm=wm.fly.bg.5.xh___wm.ssy.tc.1.tz&lcsc_vid=EwRWBFZSQVIPVFdUTlJfVldeFFRYUFQAElRYBFRRE1MxVlNeRFZeU1BfTlBYVzsOAxUeFF5JWBYZEEoKFBINSQcJGk4eFQsCAgIaSgADAwAHC0slRVhcV1ZTT08GEwkK"; VariantName = "[No Variations]"
Added Component: Designator=R35(R0201)
Add component (AddParameter): Name = "ComponentLink1Description"; Value = "LCSC"; VariantName = "[No Variations]"
Add component (AddParameter): Name = "ComponentLink1URL"; Value = "https://www.lcsc.com/product-detail/C295718.html?s_z=n_q_t_120%2520OHM&spm=wm.fly.bg.5.xh___wm.ssy.tc.1.tz&lcsc_vid=EwRWBFZSQVIPVFdUTlJfVldeFFRYUFQAElRYBFRRE1MxVlNeRFZeU1BfTlBYVzsOAxUeFF5JWBYZEEoKFBINSQcJGk4eFQsCAgIaSgADAwAHC0slRVhcV1ZTT08GEwkK"; VariantName = "[No Variations]"
Added Component: Designator=R36(R0201)
Add component (AddParameter): Name = "ComponentLink1Description"; Value = "LCSC"; VariantName = "[No Variations]"
Add component (AddParameter): Name = "ComponentLink1URL"; Value = "https://www.lcsc.com/product-detail/C93949.html?spm=wm.fly.bg.0.xh&lcsc_vid=EwRWBFZSQVIPVFdUTlJfVldeFFRYUFQAElRYBFRRE1MxVlNeRVlXUFNQQ1RWXjsOAxUeFF5JWBYZEEoKFBINSQcJGk4eFQsCAgIaSgADAwAHC0slRlVYUFFIHxUDCw%3D%3D"; VariantName = "[No Variations]"
Added Component: Designator=R37(R0201)
Add component (AddParameter): Name = "ComponentLink1Description"; Value = "LCSC"; VariantName = "[No Variations]"
Add component (AddParameter): Name = "ComponentLink1URL"; Value = "https://www.lcsc.com/product-detail/C295718.html?s_z=n_q_t_120%2520OHM&spm=wm.fly.bg.5.xh___wm.ssy.tc.1.tz&lcsc_vid=EwRWBFZSQVIPVFdUTlJfVldeFFRYUFQAElRYBFRRE1MxVlNeRFZeU1BfTlBYVzsOAxUeFF5JWBYZEEoKFBINSQcJGk4eFQsCAgIaSgADAwAHC0slRVhcV1ZTT08GEwkK"; VariantName = "[No Variations]"
Added Component: Designator=R38(R0201)
Add component (AddParameter): Name = "ComponentLink1Description"; Value = "LCSC"; VariantName = "[No Variations]"
Add component (AddParameter): Name = "ComponentLink1URL"; Value = "https://www.lcsc.com/product-detail/C93949.html?spm=wm.fly.bg.0.xh&lcsc_vid=EwRWBFZSQVIPVFdUTlJfVldeFFRYUFQAElRYBFRRE1MxVlNeRVlXUFNQQ1RWXjsOAxUeFF5JWBYZEEoKFBINSQcJGk4eFQsCAgIaSgADAwAHC0slRlVYUFFIHxUDCw%3D%3D"; VariantName = "[No Variations]"
Added Component: Designator=R39(R0201)
Add component (AddParameter): Name = "ComponentLink1Description"; Value = "LCSC"; VariantName = "[No Variations]"
Add component (AddParameter): Name = "ComponentLink1URL"; Value = "https://www.lcsc.com/product-detail/C295718.html?s_z=n_q_t_120%2520OHM&spm=wm.fly.bg.5.xh___wm.ssy.tc.1.tz&lcsc_vid=EwRWBFZSQVIPVFdUTlJfVldeFFRYUFQAElRYBFRRE1MxVlNeRFZeU1BfTlBYVzsOAxUeFF5JWBYZEEoKFBINSQcJGk4eFQsCAgIaSgADAwAHC0slRVhcV1ZTT08GEwkK"; VariantName = "[No Variations]"
Added Component: Designator=R40(R0201)
Add component (AddParameter): Name = "ComponentLink1Description"; Value = "LCSC"; VariantName = "[No Variations]"
Add component (AddParameter): Name = "ComponentLink1URL"; Value = "https://www.lcsc.com/product-detail/C93949.html?spm=wm.fly.bg.0.xh&lcsc_vid=EwRWBFZSQVIPVFdUTlJfVldeFFRYUFQAElRYBFRRE1MxVlNeRVlXUFNQQ1RWXjsOAxUeFF5JWBYZEEoKFBINSQcJGk4eFQsCAgIaSgADAwAHC0slRlVYUFFIHxUDCw%3D%3D"; VariantName = "[No Variations]"
Added Component: Designator=R41(R0201)
Add component (AddParameter): Name = "ComponentLink1Description"; Value = "LCSC"; VariantName = "[No Variations]"
Add component (AddParameter): Name = "ComponentLink1URL"; Value = "https://www.lcsc.com/product-detail/C295718.html?s_z=n_q_t_120%2520OHM&spm=wm.fly.bg.5.xh___wm.ssy.tc.1.tz&lcsc_vid=EwRWBFZSQVIPVFdUTlJfVldeFFRYUFQAElRYBFRRE1MxVlNeRFZeU1BfTlBYVzsOAxUeFF5JWBYZEEoKFBINSQcJGk4eFQsCAgIaSgADAwAHC0slRVhcV1ZTT08GEwkK"; VariantName = "[No Variations]"
Added Component: Designator=R42(R0201)
Add component (AddParameter): Name = "ComponentLink1Description"; Value = "LCSC"; VariantName = "[No Variations]"
Add component (AddParameter): Name = "ComponentLink1URL"; Value = "https://www.lcsc.com/product-detail/C295718.html?s_z=n_q_t_120%2520OHM&spm=wm.fly.bg.5.xh___wm.ssy.tc.1.tz&lcsc_vid=EwRWBFZSQVIPVFdUTlJfVldeFFRYUFQAElRYBFRRE1MxVlNeRFZeU1BfTlBYVzsOAxUeFF5JWBYZEEoKFBINSQcJGk4eFQsCAgIaSgADAwAHC0slRVhcV1ZTT08GEwkK"; VariantName = "[No Variations]"
Added Component: Designator=R43(R0201)
Add component (AddParameter): Name = "ComponentLink1Description"; Value = "LCSC"; VariantName = "[No Variations]"
Add component (AddParameter): Name = "ComponentLink1URL"; Value = "https://www.lcsc.com/product-detail/C295718.html?s_z=n_q_t_120%2520OHM&spm=wm.fly.bg.5.xh___wm.ssy.tc.1.tz&lcsc_vid=EwRWBFZSQVIPVFdUTlJfVldeFFRYUFQAElRYBFRRE1MxVlNeRFZeU1BfTlBYVzsOAxUeFF5JWBYZEEoKFBINSQcJGk4eFQsCAgIaSgADAwAHC0slRVhcV1ZTT08GEwkK"; VariantName = "[No Variations]"
Added Component: Designator=R44(R0201)
Add component (AddParameter): Name = "ComponentLink1Description"; Value = "LCSC"; VariantName = "[No Variations]"
Add component (AddParameter): Name = "ComponentLink1URL"; Value = "https://www.lcsc.com/product-detail/C295718.html?s_z=n_q_t_120%2520OHM&spm=wm.fly.bg.5.xh___wm.ssy.tc.1.tz&lcsc_vid=EwRWBFZSQVIPVFdUTlJfVldeFFRYUFQAElRYBFRRE1MxVlNeRFZeU1BfTlBYVzsOAxUeFF5JWBYZEEoKFBINSQcJGk4eFQsCAgIaSgADAwAHC0slRVhcV1ZTT08GEwkK"; VariantName = "[No Variations]"
Added Component: Designator=R45(R0201)
Add component (AddParameter): Name = "ComponentLink1Description"; Value = "LCSC"; VariantName = "[No Variations]"
Add component (AddParameter): Name = "ComponentLink1URL"; Value = "https://www.lcsc.com/product-detail/C295718.html?s_z=n_q_t_120%2520OHM&spm=wm.fly.bg.5.xh___wm.ssy.tc.1.tz&lcsc_vid=EwRWBFZSQVIPVFdUTlJfVldeFFRYUFQAElRYBFRRE1MxVlNeRFZeU1BfTlBYVzsOAxUeFF5JWBYZEEoKFBINSQcJGk4eFQsCAgIaSgADAwAHC0slRVhcV1ZTT08GEwkK"; VariantName = "[No Variations]"
Added Component: Designator=R46(R0201)
Add component (AddParameter): Name = "ComponentLink1Description"; Value = "LCSC"; VariantName = "[No Variations]"
Add component (AddParameter): Name = "ComponentLink1URL"; Value = "https://www.lcsc.com/product-detail/C295718.html?s_z=n_q_t_120%2520OHM&spm=wm.fly.bg.5.xh___wm.ssy.tc.1.tz&lcsc_vid=EwRWBFZSQVIPVFdUTlJfVldeFFRYUFQAElRYBFRRE1MxVlNeRFZeU1BfTlBYVzsOAxUeFF5JWBYZEEoKFBINSQcJGk4eFQsCAgIaSgADAwAHC0slRVhcV1ZTT08GEwkK"; VariantName = "[No Variations]"
Added Component: Designator=R47(R0201)
Add component (AddParameter): Name = "ComponentLink1Description"; Value = "LCSC"; VariantName = "[No Variations]"
Add component (AddParameter): Name = "ComponentLink1URL"; Value = "https://www.lcsc.com/product-detail/C93949.html?spm=wm.fly.bg.0.xh&lcsc_vid=EwRWBFZSQVIPVFdUTlJfVldeFFRYUFQAElRYBFRRE1MxVlNeRVlXUFNQQ1RWXjsOAxUeFF5JWBYZEEoKFBINSQcJGk4eFQsCAgIaSgADAwAHC0slRlVYUFFIHxUDCw%3D%3D"; VariantName = "[No Variations]"
Added Component: Designator=R48(R0201)
Add component (AddParameter): Name = "ComponentLink1Description"; Value = "LCSC"; VariantName = "[No Variations]"
Add component (AddParameter): Name = "ComponentLink1URL"; Value = "https://www.lcsc.com/product-detail/C93949.html?spm=wm.fly.bg.0.xh&lcsc_vid=EwRWBFZSQVIPVFdUTlJfVldeFFRYUFQAElRYBFRRE1MxVlNeRVlXUFNQQ1RWXjsOAxUeFF5JWBYZEEoKFBINSQcJGk4eFQsCAgIaSgADAwAHC0slRlVYUFFIHxUDCw%3D%3D"; VariantName = "[No Variations]"
Added Component: Designator=R49(R0201)
Added Component: Designator=R50(R0201)
Add component (AddParameter): Name = "ComponentLink1Description"; Value = "LCSC"; VariantName = "[No Variations]"
Add component (AddParameter): Name = "ComponentLink1URL"; Value = "https://www.lcsc.com/product-detail/C93949.html?spm=wm.fly.bg.0.xh&lcsc_vid=EwRWBFZSQVIPVFdUTlJfVldeFFRYUFQAElRYBFRRE1MxVlNeRVlXUFNQQ1RWXjsOAxUeFF5JWBYZEEoKFBINSQcJGk4eFQsCAgIaSgADAwAHC0slRlVYUFFIHxUDCw%3D%3D"; VariantName = "[No Variations]"
Added Component: Designator=R51(R0201)
Add component (AddParameter): Name = "ComponentLink1Description"; Value = "LCSC"; VariantName = "[No Variations]"
Add component (AddParameter): Name = "ComponentLink1URL"; Value = "https://www.lcsc.com/product-detail/C295718.html?s_z=n_q_t_120%2520OHM&spm=wm.fly.bg.5.xh___wm.ssy.tc.1.tz&lcsc_vid=EwRWBFZSQVIPVFdUTlJfVldeFFRYUFQAElRYBFRRE1MxVlNeRFZeU1BfTlBYVzsOAxUeFF5JWBYZEEoKFBINSQcJGk4eFQsCAgIaSgADAwAHC0slRVhcV1ZTT08GEwkK"; VariantName = "[No Variations]"
Added Component: Designator=R52(R0201)
Add component (AddParameter): Name = "ComponentLink1Description"; Value = "LCSC"; VariantName = "[No Variations]"
Add component (AddParameter): Name = "ComponentLink1URL"; Value = "https://www.lcsc.com/product-detail/C295718.html?s_z=n_q_t_120%2520OHM&spm=wm.fly.bg.5.xh___wm.ssy.tc.1.tz&lcsc_vid=EwRWBFZSQVIPVFdUTlJfVldeFFRYUFQAElRYBFRRE1MxVlNeRFZeU1BfTlBYVzsOAxUeFF5JWBYZEEoKFBINSQcJGk4eFQsCAgIaSgADAwAHC0slRVhcV1ZTT08GEwkK"; VariantName = "[No Variations]"
Added Component: Designator=R53(R0201)
Add component (AddParameter): Name = "ComponentLink1Description"; Value = "LCSC"; VariantName = "[No Variations]"
Add component (AddParameter): Name = "ComponentLink1URL"; Value = "https://www.lcsc.com/product-detail/C295718.html?s_z=n_q_t_120%2520OHM&spm=wm.fly.bg.5.xh___wm.ssy.tc.1.tz&lcsc_vid=EwRWBFZSQVIPVFdUTlJfVldeFFRYUFQAElRYBFRRE1MxVlNeRFZeU1BfTlBYVzsOAxUeFF5JWBYZEEoKFBINSQcJGk4eFQsCAgIaSgADAwAHC0slRVhcV1ZTT08GEwkK"; VariantName = "[No Variations]"
Added Component: Designator=R54(R0201)
Add component (AddParameter): Name = "ComponentLink1Description"; Value = "LCSC"; VariantName = "[No Variations]"
Add component (AddParameter): Name = "ComponentLink1URL"; Value = "https://www.lcsc.com/product-detail/C295718.html?s_z=n_q_t_120%2520OHM&spm=wm.fly.bg.5.xh___wm.ssy.tc.1.tz&lcsc_vid=EwRWBFZSQVIPVFdUTlJfVldeFFRYUFQAElRYBFRRE1MxVlNeRFZeU1BfTlBYVzsOAxUeFF5JWBYZEEoKFBINSQcJGk4eFQsCAgIaSgADAwAHC0slRVhcV1ZTT08GEwkK"; VariantName = "[No Variations]"
Added Component: Designator=R55(R0201)
Add component (AddParameter): Name = "ComponentLink1Description"; Value = "LCSC"; VariantName = "[No Variations]"
Add component (AddParameter): Name = "ComponentLink1URL"; Value = "https://www.lcsc.com/product-detail/C93949.html?spm=wm.fly.bg.0.xh&lcsc_vid=EwRWBFZSQVIPVFdUTlJfVldeFFRYUFQAElRYBFRRE1MxVlNeRVlXUFNQQ1RWXjsOAxUeFF5JWBYZEEoKFBINSQcJGk4eFQsCAgIaSgADAwAHC0slRlVYUFFIHxUDCw%3D%3D"; VariantName = "[No Variations]"
Added Component: Designator=R56(R0201)
Added Component: Designator=R57(R0201)
Add component (AddParameter): Name = "ComponentLink1Description"; Value = "LCSC"; VariantName = "[No Variations]"
Add component (AddParameter): Name = "ComponentLink1URL"; Value = "https://www.lcsc.com/product-detail/C295718.html?s_z=n_q_t_120%2520OHM&spm=wm.fly.bg.5.xh___wm.ssy.tc.1.tz&lcsc_vid=EwRWBFZSQVIPVFdUTlJfVldeFFRYUFQAElRYBFRRE1MxVlNeRFZeU1BfTlBYVzsOAxUeFF5JWBYZEEoKFBINSQcJGk4eFQsCAgIaSgADAwAHC0slRVhcV1ZTT08GEwkK"; VariantName = "[No Variations]"
Added Component: Designator=R58(R0201)
Add component (AddParameter): Name = "ComponentLink1Description"; Value = "LCSC"; VariantName = "[No Variations]"
Add component (AddParameter): Name = "ComponentLink1URL"; Value = "https://www.lcsc.com/product-detail/C295718.html?s_z=n_q_t_120%2520OHM&spm=wm.fly.bg.5.xh___wm.ssy.tc.1.tz&lcsc_vid=EwRWBFZSQVIPVFdUTlJfVldeFFRYUFQAElRYBFRRE1MxVlNeRFZeU1BfTlBYVzsOAxUeFF5JWBYZEEoKFBINSQcJGk4eFQsCAgIaSgADAwAHC0slRVhcV1ZTT08GEwkK"; VariantName = "[No Variations]"
Added Component: Designator=R59(R0201)
Add component (AddParameter): Name = "ComponentLink1Description"; Value = "LCSC"; VariantName = "[No Variations]"
Add component (AddParameter): Name = "ComponentLink1URL"; Value = "https://www.lcsc.com/product-detail/C295718.html?s_z=n_q_t_120%2520OHM&spm=wm.fly.bg.5.xh___wm.ssy.tc.1.tz&lcsc_vid=EwRWBFZSQVIPVFdUTlJfVldeFFRYUFQAElRYBFRRE1MxVlNeRFZeU1BfTlBYVzsOAxUeFF5JWBYZEEoKFBINSQcJGk4eFQsCAgIaSgADAwAHC0slRVhcV1ZTT08GEwkK"; VariantName = "[No Variations]"
Added Component: Designator=R60(R0201)
Add component (AddParameter): Name = "ComponentLink1Description"; Value = "LCSC"; VariantName = "[No Variations]"
Add component (AddParameter): Name = "ComponentLink1URL"; Value = "https://www.lcsc.com/product-detail/C295718.html?s_z=n_q_t_120%2520OHM&spm=wm.fly.bg.5.xh___wm.ssy.tc.1.tz&lcsc_vid=EwRWBFZSQVIPVFdUTlJfVldeFFRYUFQAElRYBFRRE1MxVlNeRFZeU1BfTlBYVzsOAxUeFF5JWBYZEEoKFBINSQcJGk4eFQsCAgIaSgADAwAHC0slRVhcV1ZTT08GEwkK"; VariantName = "[No Variations]"
Added Component: Designator=R61(R0201)
Add component (AddParameter): Name = "ComponentLink1Description"; Value = "LCSC"; VariantName = "[No Variations]"
Add component (AddParameter): Name = "ComponentLink1URL"; Value = "https://www.lcsc.com/product-detail/C295718.html?s_z=n_q_t_120%2520OHM&spm=wm.fly.bg.5.xh___wm.ssy.tc.1.tz&lcsc_vid=EwRWBFZSQVIPVFdUTlJfVldeFFRYUFQAElRYBFRRE1MxVlNeRFZeU1BfTlBYVzsOAxUeFF5JWBYZEEoKFBINSQcJGk4eFQsCAgIaSgADAwAHC0slRVhcV1ZTT08GEwkK"; VariantName = "[No Variations]"
Added Component: Designator=R62(R0201)
Add component (AddParameter): Name = "ComponentLink1Description"; Value = "LCSC"; VariantName = "[No Variations]"
Add component (AddParameter): Name = "ComponentLink1URL"; Value = "https://www.lcsc.com/product-detail/C295718.html?s_z=n_q_t_120%2520OHM&spm=wm.fly.bg.5.xh___wm.ssy.tc.1.tz&lcsc_vid=EwRWBFZSQVIPVFdUTlJfVldeFFRYUFQAElRYBFRRE1MxVlNeRFZeU1BfTlBYVzsOAxUeFF5JWBYZEEoKFBINSQcJGk4eFQsCAgIaSgADAwAHC0slRVhcV1ZTT08GEwkK"; VariantName = "[No Variations]"
Added Component: Designator=R63(R0201)
Add component (AddParameter): Name = "ComponentLink1Description"; Value = "LCSC"; VariantName = "[No Variations]"
Add component (AddParameter): Name = "ComponentLink1URL"; Value = "https://www.lcsc.com/product-detail/C295718.html?s_z=n_q_t_120%2520OHM&spm=wm.fly.bg.5.xh___wm.ssy.tc.1.tz&lcsc_vid=EwRWBFZSQVIPVFdUTlJfVldeFFRYUFQAElRYBFRRE1MxVlNeRFZeU1BfTlBYVzsOAxUeFF5JWBYZEEoKFBINSQcJGk4eFQsCAgIaSgADAwAHC0slRVhcV1ZTT08GEwkK"; VariantName = "[No Variations]"
Added Component: Designator=R64(R0201)
Add component (AddParameter): Name = "ComponentLink1Description"; Value = "LCSC"; VariantName = "[No Variations]"
Add component (AddParameter): Name = "ComponentLink1URL"; Value = "https://www.lcsc.com/product-detail/C295718.html?s_z=n_q_t_120%2520OHM&spm=wm.fly.bg.5.xh___wm.ssy.tc.1.tz&lcsc_vid=EwRWBFZSQVIPVFdUTlJfVldeFFRYUFQAElRYBFRRE1MxVlNeRFZeU1BfTlBYVzsOAxUeFF5JWBYZEEoKFBINSQcJGk4eFQsCAgIaSgADAwAHC0slRVhcV1ZTT08GEwkK"; VariantName = "[No Variations]"
Added Component: Designator=R65(R0201)
Add component (AddParameter): Name = "ComponentLink1Description"; Value = "LCSC"; VariantName = "[No Variations]"
Add component (AddParameter): Name = "ComponentLink1URL"; Value = "https://www.lcsc.com/product-detail/C295718.html?s_z=n_q_t_120%2520OHM&spm=wm.fly.bg.5.xh___wm.ssy.tc.1.tz&lcsc_vid=EwRWBFZSQVIPVFdUTlJfVldeFFRYUFQAElRYBFRRE1MxVlNeRFZeU1BfTlBYVzsOAxUeFF5JWBYZEEoKFBINSQcJGk4eFQsCAgIaSgADAwAHC0slRVhcV1ZTT08GEwkK"; VariantName = "[No Variations]"
Added Component: Designator=R66(R0201)
Add component (AddParameter): Name = "ComponentLink1Description"; Value = "LCSC"; VariantName = "[No Variations]"
Add component (AddParameter): Name = "ComponentLink1URL"; Value = "https://www.lcsc.com/product-detail/C295718.html?s_z=n_q_t_120%2520OHM&spm=wm.fly.bg.5.xh___wm.ssy.tc.1.tz&lcsc_vid=EwRWBFZSQVIPVFdUTlJfVldeFFRYUFQAElRYBFRRE1MxVlNeRFZeU1BfTlBYVzsOAxUeFF5JWBYZEEoKFBINSQcJGk4eFQsCAgIaSgADAwAHC0slRVhcV1ZTT08GEwkK"; VariantName = "[No Variations]"
Added Component: Designator=R67(R0201)
Add component (AddParameter): Name = "ComponentLink1Description"; Value = "LCSC"; VariantName = "[No Variations]"
Add component (AddParameter): Name = "ComponentLink1URL"; Value = "https://www.lcsc.com/product-detail/C295718.html?s_z=n_q_t_120%2520OHM&spm=wm.fly.bg.5.xh___wm.ssy.tc.1.tz&lcsc_vid=EwRWBFZSQVIPVFdUTlJfVldeFFRYUFQAElRYBFRRE1MxVlNeRFZeU1BfTlBYVzsOAxUeFF5JWBYZEEoKFBINSQcJGk4eFQsCAgIaSgADAwAHC0slRVhcV1ZTT08GEwkK"; VariantName = "[No Variations]"
Added Component: Designator=R68(R0201)
Add component (AddParameter): Name = "ComponentLink1Description"; Value = "LCSC"; VariantName = "[No Variations]"
Add component (AddParameter): Name = "ComponentLink1URL"; Value = "https://www.lcsc.com/product-detail/C295718.html?s_z=n_q_t_120%2520OHM&spm=wm.fly.bg.5.xh___wm.ssy.tc.1.tz&lcsc_vid=EwRWBFZSQVIPVFdUTlJfVldeFFRYUFQAElRYBFRRE1MxVlNeRFZeU1BfTlBYVzsOAxUeFF5JWBYZEEoKFBINSQcJGk4eFQsCAgIaSgADAwAHC0slRVhcV1ZTT08GEwkK"; VariantName = "[No Variations]"
Added Component: Designator=R69(R0201)
Add component (AddParameter): Name = "ComponentLink1Description"; Value = "LCSC"; VariantName = "[No Variations]"
Add component (AddParameter): Name = "ComponentLink1URL"; Value = "https://www.lcsc.com/product-detail/C295718.html?s_z=n_q_t_120%2520OHM&spm=wm.fly.bg.5.xh___wm.ssy.tc.1.tz&lcsc_vid=EwRWBFZSQVIPVFdUTlJfVldeFFRYUFQAElRYBFRRE1MxVlNeRFZeU1BfTlBYVzsOAxUeFF5JWBYZEEoKFBINSQcJGk4eFQsCAgIaSgADAwAHC0slRVhcV1ZTT08GEwkK"; VariantName = "[No Variations]"
Added Component: Designator=R70(R0201)
Add component (AddParameter): Name = "ComponentLink1Description"; Value = "LCSC"; VariantName = "[No Variations]"
Add component (AddParameter): Name = "ComponentLink1URL"; Value = "https://www.lcsc.com/product-detail/C93949.html?spm=wm.fly.bg.0.xh&lcsc_vid=EwRWBFZSQVIPVFdUTlJfVldeFFRYUFQAElRYBFRRE1MxVlNeRVlXUFNQQ1RWXjsOAxUeFF5JWBYZEEoKFBINSQcJGk4eFQsCAgIaSgADAwAHC0slRlVYUFFIHxUDCw%3D%3D"; VariantName = "[No Variations]"
Added Component: Designator=R71(R0201)
Add component (AddParameter): Name = "ComponentLink1Description"; Value = "LCSC"; VariantName = "[No Variations]"
Add component (AddParameter): Name = "ComponentLink1URL"; Value = "https://www.lcsc.com/product-detail/C295718.html?s_z=n_q_t_120%2520OHM&spm=wm.fly.bg.5.xh___wm.ssy.tc.1.tz&lcsc_vid=EwRWBFZSQVIPVFdUTlJfVldeFFRYUFQAElRYBFRRE1MxVlNeRFZeU1BfTlBYVzsOAxUeFF5JWBYZEEoKFBINSQcJGk4eFQsCAgIaSgADAwAHC0slRVhcV1ZTT08GEwkK"; VariantName = "[No Variations]"
Added Component: Designator=R72(R0201)
Add component (AddParameter): Name = "ComponentLink1Description"; Value = "LCSC"; VariantName = "[No Variations]"
Add component (AddParameter): Name = "ComponentLink1URL"; Value = "https://www.lcsc.com/product-detail/C295718.html?s_z=n_q_t_120%2520OHM&spm=wm.fly.bg.5.xh___wm.ssy.tc.1.tz&lcsc_vid=EwRWBFZSQVIPVFdUTlJfVldeFFRYUFQAElRYBFRRE1MxVlNeRFZeU1BfTlBYVzsOAxUeFF5JWBYZEEoKFBINSQcJGk4eFQsCAgIaSgADAwAHC0slRVhcV1ZTT08GEwkK"; VariantName = "[No Variations]"
Added Component: Designator=R73(R0201)
Add component (AddParameter): Name = "ComponentLink1Description"; Value = "LCSC"; VariantName = "[No Variations]"
Add component (AddParameter): Name = "ComponentLink1URL"; Value = "https://www.lcsc.com/product-detail/C320826.html?spm=wm.fly.bg.3.xh&lcsc_vid=EwRWBFZSQVIPVFdUTlJfVldeFFRYUFQAElRYBFRRE1MxVlNeRFdcXlNfT1JZVDsOAxUeFF5JWBYZEEoKFBINSQcJGk4eFQsCAgIaSgADAwAHC0slRlRbUFBVWQkaCgg%3D"; VariantName = "[No Variations]"
Added Component: Designator=R74(R0201)
Add component (AddParameter): Name = "ComponentLink1Description"; Value = "LCSC"; VariantName = "[No Variations]"
Add component (AddParameter): Name = "ComponentLink1URL"; Value = "https://www.lcsc.com/product-detail/C295718.html?s_z=n_q_t_120%2520OHM&spm=wm.fly.bg.5.xh___wm.ssy.tc.1.tz&lcsc_vid=EwRWBFZSQVIPVFdUTlJfVldeFFRYUFQAElRYBFRRE1MxVlNeRFZeU1BfTlBYVzsOAxUeFF5JWBYZEEoKFBINSQcJGk4eFQsCAgIaSgADAwAHC0slRVhcV1ZTT08GEwkK"; VariantName = "[No Variations]"
Added Component: Designator=R75(R0201)
Add component (AddParameter): Name = "ComponentLink1Description"; Value = "LCSC"; VariantName = "[No Variations]"
Add component (AddParameter): Name = "ComponentLink1URL"; Value = "https://www.lcsc.com/product-detail/C295718.html?s_z=n_q_t_120%2520OHM&spm=wm.fly.bg.5.xh___wm.ssy.tc.1.tz&lcsc_vid=EwRWBFZSQVIPVFdUTlJfVldeFFRYUFQAElRYBFRRE1MxVlNeRFZeU1BfTlBYVzsOAxUeFF5JWBYZEEoKFBINSQcJGk4eFQsCAgIaSgADAwAHC0slRVhcV1ZTT08GEwkK"; VariantName = "[No Variations]"
Added Component: Designator=R76(R0201)
Add component (AddParameter): Name = "ComponentLink1Description"; Value = "LCSC"; VariantName = "[No Variations]"
Add component (AddParameter): Name = "ComponentLink1URL"; Value = "https://www.lcsc.com/product-detail/C295718.html?s_z=n_q_t_120%2520OHM&spm=wm.fly.bg.5.xh___wm.ssy.tc.1.tz&lcsc_vid=EwRWBFZSQVIPVFdUTlJfVldeFFRYUFQAElRYBFRRE1MxVlNeRFZeU1BfTlBYVzsOAxUeFF5JWBYZEEoKFBINSQcJGk4eFQsCAgIaSgADAwAHC0slRVhcV1ZTT08GEwkK"; VariantName = "[No Variations]"
Added Component: Designator=R77(R0201)
Add component (AddParameter): Name = "ComponentLink1Description"; Value = "LCSC"; VariantName = "[No Variations]"
Add component (AddParameter): Name = "ComponentLink1URL"; Value = "https://www.lcsc.com/product-detail/C295718.html?s_z=n_q_t_120%2520OHM&spm=wm.fly.bg.5.xh___wm.ssy.tc.1.tz&lcsc_vid=EwRWBFZSQVIPVFdUTlJfVldeFFRYUFQAElRYBFRRE1MxVlNeRFZeU1BfTlBYVzsOAxUeFF5JWBYZEEoKFBINSQcJGk4eFQsCAgIaSgADAwAHC0slRVhcV1ZTT08GEwkK"; VariantName = "[No Variations]"
Added Component: Designator=R78(R0201)
Add component (AddParameter): Name = "ComponentLink1Description"; Value = "LCSC"; VariantName = "[No Variations]"
Add component (AddParameter): Name = "ComponentLink1URL"; Value = "https://www.lcsc.com/product-detail/C295718.html?s_z=n_q_t_120%2520OHM&spm=wm.fly.bg.5.xh___wm.ssy.tc.1.tz&lcsc_vid=EwRWBFZSQVIPVFdUTlJfVldeFFRYUFQAElRYBFRRE1MxVlNeRFZeU1BfTlBYVzsOAxUeFF5JWBYZEEoKFBINSQcJGk4eFQsCAgIaSgADAwAHC0slRVhcV1ZTT08GEwkK"; VariantName = "[No Variations]"
Added Component: Designator=R79(R0201)
Add component (AddParameter): Name = "ComponentLink1Description"; Value = "LCSC"; VariantName = "[No Variations]"
Add component (AddParameter): Name = "ComponentLink1URL"; Value = "https://www.lcsc.com/product-detail/C295718.html?s_z=n_q_t_120%2520OHM&spm=wm.fly.bg.5.xh___wm.ssy.tc.1.tz&lcsc_vid=EwRWBFZSQVIPVFdUTlJfVldeFFRYUFQAElRYBFRRE1MxVlNeRFZeU1BfTlBYVzsOAxUeFF5JWBYZEEoKFBINSQcJGk4eFQsCAgIaSgADAwAHC0slRVhcV1ZTT08GEwkK"; VariantName = "[No Variations]"
Added Component: Designator=R80(R0201)
Add component (AddParameter): Name = "ComponentLink1Description"; Value = "LCSC"; VariantName = "[No Variations]"
Add component (AddParameter): Name = "ComponentLink1URL"; Value = "https://www.lcsc.com/product-detail/C295718.html?s_z=n_q_t_120%2520OHM&spm=wm.fly.bg.5.xh___wm.ssy.tc.1.tz&lcsc_vid=EwRWBFZSQVIPVFdUTlJfVldeFFRYUFQAElRYBFRRE1MxVlNeRFZeU1BfTlBYVzsOAxUeFF5JWBYZEEoKFBINSQcJGk4eFQsCAgIaSgADAwAHC0slRVhcV1ZTT08GEwkK"; VariantName = "[No Variations]"
Added Component: Designator=R81(R0201)
Add component (AddParameter): Name = "ComponentLink1Description"; Value = "LCSC"; VariantName = "[No Variations]"
Add component (AddParameter): Name = "ComponentLink1URL"; Value = "https://www.lcsc.com/product-detail/C295718.html?s_z=n_q_t_120%2520OHM&spm=wm.fly.bg.5.xh___wm.ssy.tc.1.tz&lcsc_vid=EwRWBFZSQVIPVFdUTlJfVldeFFRYUFQAElRYBFRRE1MxVlNeRFZeU1BfTlBYVzsOAxUeFF5JWBYZEEoKFBINSQcJGk4eFQsCAgIaSgADAwAHC0slRVhcV1ZTT08GEwkK"; VariantName = "[No Variations]"
Added Component: Designator=SD1(CONN-SMD_1051620101)
Added Component: Designator=SW1(KEY-SMD_B3U-1000PM)
Added Component: Designator=U1(CCSP-491_L14.0-W14.0-TL_RV1126B)
Added Component: Designator=U2(BGA200C65P12X22_1000X1500X100)
Add component (AddParameter): Name = "Arrow Part Number"; Value = ""; VariantName = "[No Variations]"
Add component (AddParameter): Name = "Arrow Price/Stock"; Value = ""; VariantName = "[No Variations]"
Add component (AddParameter): Name = "Datasheet Link"; Value = "https://www.alliancememory.com/wp-content/uploads/pdf/ddr4/AllianceMemory_8Gb_16Gb_32Gb_LPDDR4X_AS4C512M16MD4V_AS4C512M32MD4V_AS4C1G32MD4V.pdf"; VariantName = "[No Variations]"
Add component (AddParameter): Name = "Geometry.Height"; Value = "1mm"; VariantName = "[No Variations]"
Add component (AddParameter): Name = "Manufacturer_Name"; Value = "Alliance Memory"; VariantName = "[No Variations]"
Add component (AddParameter): Name = "Manufacturer_Part_Number"; Value = "AS4C1G32MD4V-046BIN"; VariantName = "[No Variations]"
Add component (AddParameter): Name = "Mouser Part Number"; Value = "913-AS4C1G32MD4046BI"; VariantName = "[No Variations]"
Add component (AddParameter): Name = "Mouser Price/Stock"; Value = "https://www.mouser.co.uk/ProductDetail/Alliance-Memory/AS4C1G32MD4V-046BIN?qs=2wMNvWM5ZX7JcOV9cKEgAg%3D%3D"; VariantName = "[No Variations]"
Added Component: Designator=U3(FBGA-153_L13.0-W11.5-P0.50_KLMAG1JETD-B041)
Added Component: Designator=U4(CONN-SMD_4P-P1.25_SM04B-GHS-TB-LF-SN)
Added Component: Designator=X1(CRYSTAL-SMD_4P-L2.0-W1.6-BL)
Add component (AddParameter): Name = "ComponentLink1Description"; Value = "LCSC"; VariantName = "[No Variations]"
Add component (AddParameter): Name = "ComponentLink1URL"; Value = "https://www.lcsc.com/product-detail/C37635324.html?spm=wm.fly.bg.3.xh&lcsc_vid=EwRWBFZSQVIPVFdUTlJfVldeFFRYUFQAElRYBFRRE1MxVlNeRFdcUVxRR1BcVjsOAxUeFF5JWBYZEEoKFBINSQcJGk4eFQsCAgIaSgADAwAHC0slRVlaVlJXWQkaCgg%3D"; VariantName = "[No Variations]"
Added Pin To Net: NetName=0V9 Pin=C39-2
Added Pin To Net: NetName=0V9 Pin=C161-2
Added Pin To Net: NetName=0V9 Pin=C162-2
Added Pin To Net: NetName=0V9 Pin=IC4-19
Added Pin To Net: NetName=0V9 Pin=U1-K2-12
Added Pin To Net: NetName=0V9 Pin=U1-L2-12
Added Pin To Net: NetName=0V9 Pin=U1-M2-1
Added Net: Name=0V9
Added Pin To Net: NetName=3V3SYS Pin=C8-2
Added Pin To Net: NetName=3V3SYS Pin=C9-2
Added Pin To Net: NetName=3V3SYS Pin=C10-2
Added Pin To Net: NetName=3V3SYS Pin=C15-2
Added Pin To Net: NetName=3V3SYS Pin=C21-2
Added Pin To Net: NetName=3V3SYS Pin=C29-2
Added Pin To Net: NetName=3V3SYS Pin=C30-2
Added Pin To Net: NetName=3V3SYS Pin=C31-2
Added Pin To Net: NetName=3V3SYS Pin=C65-2
Added Pin To Net: NetName=3V3SYS Pin=C66-2
Added Pin To Net: NetName=3V3SYS Pin=IC1-D1
Added Pin To Net: NetName=3V3SYS Pin=IC1-D2
Added Pin To Net: NetName=3V3SYS Pin=IC1-E1
Added Pin To Net: NetName=3V3SYS Pin=IC1-E2
Added Pin To Net: NetName=3V3SYS Pin=IC3-4
Added Pin To Net: NetName=3V3SYS Pin=IC4-10
Added Pin To Net: NetName=3V3SYS Pin=IC4-26
Added Pin To Net: NetName=3V3SYS Pin=L6-2
Added Pin To Net: NetName=3V3SYS Pin=L10-1
Added Pin To Net: NetName=3V3SYS Pin=L11-1
Added Pin To Net: NetName=3V3SYS Pin=R2-2
Added Pin To Net: NetName=3V3SYS Pin=R6-2
Added Pin To Net: NetName=3V3SYS Pin=R11-1
Added Pin To Net: NetName=3V3SYS Pin=R12-1
Added Pin To Net: NetName=3V3SYS Pin=R13-2
Added Pin To Net: NetName=3V3SYS Pin=R14-2
Added Pin To Net: NetName=3V3SYS Pin=R74-2
Added Pin To Net: NetName=3V3SYS Pin=U1-L2-4
Added Pin To Net: NetName=3V3SYS Pin=U1-M2-5
Added Net: Name=3V3SYS
Added Pin To Net: NetName=5VIN Pin=C183-2
Added Pin To Net: NetName=5VIN Pin=C184-2
Added Pin To Net: NetName=5VIN Pin=C186-2
Added Pin To Net: NetName=5VIN Pin=C187-2
Added Pin To Net: NetName=5VIN Pin=C188-2
Added Pin To Net: NetName=5VIN Pin=CN1-3
Added Pin To Net: NetName=5VIN Pin=CN1-4
Added Pin To Net: NetName=5VIN Pin=CN2-18
Added Pin To Net: NetName=5VIN Pin=CN2-20
Added Pin To Net: NetName=5VIN Pin=CN2-22
Added Pin To Net: NetName=5VIN Pin=CN2-24
Added Pin To Net: NetName=5VIN Pin=CN2-26
Added Pin To Net: NetName=5VIN Pin=CN2-28
Added Pin To Net: NetName=5VIN Pin=CN2-30
Added Pin To Net: NetName=5VIN Pin=D1-2
Added Pin To Net: NetName=5VIN Pin=FPC1-34
Added Pin To Net: NetName=5VIN Pin=FPC1-36
Added Pin To Net: NetName=5VIN Pin=FPC1-38
Added Pin To Net: NetName=5VIN Pin=FPC1-40
Added Pin To Net: NetName=5VIN Pin=Q1-1
Added Pin To Net: NetName=5VIN Pin=Q1-2
Added Pin To Net: NetName=5VIN Pin=Q1-3
Added Net: Name=5VIN
Added Pin To Net: NetName=5VSYS Pin=C1-2
Added Pin To Net: NetName=5VSYS Pin=C2-2
Added Pin To Net: NetName=5VSYS Pin=C3-2
Added Pin To Net: NetName=5VSYS Pin=C12-2
Added Pin To Net: NetName=5VSYS Pin=C23-2
Added Pin To Net: NetName=5VSYS Pin=C24-2
Added Pin To Net: NetName=5VSYS Pin=C25-2
Added Pin To Net: NetName=5VSYS Pin=C26-2
Added Pin To Net: NetName=5VSYS Pin=C32-1
Added Pin To Net: NetName=5VSYS Pin=C33-2
Added Pin To Net: NetName=5VSYS Pin=C40-2
Added Pin To Net: NetName=5VSYS Pin=C139-2
Added Pin To Net: NetName=5VSYS Pin=IC2-4
Added Pin To Net: NetName=5VSYS Pin=IC4-1
Added Pin To Net: NetName=5VSYS Pin=IC4-5
Added Pin To Net: NetName=5VSYS Pin=IC4-9
Added Pin To Net: NetName=5VSYS Pin=IC4-13
Added Pin To Net: NetName=5VSYS Pin=IC4-17
Added Pin To Net: NetName=5VSYS Pin=IC4-18
Added Pin To Net: NetName=5VSYS Pin=IC4-21
Added Pin To Net: NetName=5VSYS Pin=IC5-1
Added Pin To Net: NetName=5VSYS Pin=Q1-5
Added Pin To Net: NetName=5VSYS Pin=R5-1
Added Pin To Net: NetName=5VSYS Pin=R7-2
Added Net: Name=5VSYS
Added Pin To Net: NetName=AVDD10 Pin=C171-2
Added Pin To Net: NetName=AVDD10 Pin=C172-2
Added Pin To Net: NetName=AVDD10 Pin=C173-2
Added Pin To Net: NetName=AVDD10 Pin=C174-2
Added Pin To Net: NetName=AVDD10 Pin=IC6-3
Added Pin To Net: NetName=AVDD10 Pin=IC6-8
Added Pin To Net: NetName=AVDD10 Pin=IC6-38
Added Pin To Net: NetName=AVDD10 Pin=L12-2
Added Net: Name=AVDD10
Added Pin To Net: NetName=AVDD33 Pin=C177-2
Added Pin To Net: NetName=AVDD33 Pin=C178-2
Added Pin To Net: NetName=AVDD33 Pin=C179-2
Added Pin To Net: NetName=AVDD33 Pin=C180-2
Added Pin To Net: NetName=AVDD33 Pin=IC6-11
Added Pin To Net: NetName=AVDD33 Pin=IC6-40
Added Pin To Net: NetName=AVDD33 Pin=L10-2
Added Net: Name=AVDD33
Added Pin To Net: NetName=BST1 Pin=C34-1
Added Pin To Net: NetName=BST1 Pin=IC4-15
Added Net: Name=BST1
Added Pin To Net: NetName=BST2 Pin=C27-2
Added Pin To Net: NetName=BST2 Pin=IC4-6
Added Net: Name=BST2
Added Pin To Net: NetName=CAM_CLK0 Pin=FPC1-18
Added Pin To Net: NetName=CAM_CLK0 Pin=R61-2
Added Net: Name=CAM_CLK0
Added Pin To Net: NetName=CAM_CLK1 Pin=FPC1-14
Added Pin To Net: NetName=CAM_CLK1 Pin=R60-2
Added Net: Name=CAM_CLK1
Added Pin To Net: NetName=CAN1_RX_M0 Pin=U1-A1-22
Added Pin To Net: NetName=CAN1_RX_M0 Pin=U4-3
Added Net: Name=CAN1_RX_M0
Added Pin To Net: NetName=CAN1_TX_M0 Pin=R57-1
Added Pin To Net: NetName=CAN1_TX_M0 Pin=U1-B1-22
Added Pin To Net: NetName=CAN1_TX_M0 Pin=U4-2
Added Net: Name=CAN1_TX_M0
Added Pin To Net: NetName=CE Pin=C142-2
Added Pin To Net: NetName=CE Pin=IC5-3
Added Pin To Net: NetName=CE Pin=R33-2
Added Net: Name=CE
Added Pin To Net: NetName=CFG_LDO0 Pin=CN2-27
Added Pin To Net: NetName=CFG_LDO0 Pin=IC6-33
Added Pin To Net: NetName=CFG_LDO0 Pin=R72-2
Added Net: Name=CFG_LDO0
Added Pin To Net: NetName=CFG_LDO1 Pin=CN2-29
Added Pin To Net: NetName=CFG_LDO1 Pin=IC6-34
Added Pin To Net: NetName=CFG_LDO1 Pin=R71-2
Added Net: Name=CFG_LDO1
Added Pin To Net: NetName=DDR_RESET Pin=U1-A2-1
Added Pin To Net: NetName=DDR_RESET Pin=U2-T11
Added Net: Name=DDR_RESET
Added Pin To Net: NetName=DDRA_A0 Pin=U1-B8
Added Pin To Net: NetName=DDRA_A0 Pin=U2-H2
Added Net: Name=DDRA_A0
Added Pin To Net: NetName=DDRA_A1 Pin=U1-C1-4
Added Pin To Net: NetName=DDRA_A1 Pin=U2-J2
Added Net: Name=DDRA_A1
Added Pin To Net: NetName=DDRA_A2 Pin=U1-A1-12
Added Pin To Net: NetName=DDRA_A2 Pin=U2-H9
Added Net: Name=DDRA_A2
Added Pin To Net: NetName=DDRA_A3 Pin=U1-B14
Added Pin To Net: NetName=DDRA_A3 Pin=U2-H10
Added Net: Name=DDRA_A3
Added Pin To Net: NetName=DDRA_A4 Pin=U1-B1-12
Added Pin To Net: NetName=DDRA_A4 Pin=U2-H11
Added Net: Name=DDRA_A4
Added Pin To Net: NetName=DDRA_A5 Pin=U1-A11
Added Pin To Net: NetName=DDRA_A5 Pin=U2-J11
Added Net: Name=DDRA_A5
Added Pin To Net: NetName=DDRA_CKE0 Pin=U1-A10
Added Pin To Net: NetName=DDRA_CKE0 Pin=U2-J4
Added Net: Name=DDRA_CKE0
Added Pin To Net: NetName=DDRA_CKE1 Pin=U1-B13
Added Pin To Net: NetName=DDRA_CKE1 Pin=U2-J5
Added Net: Name=DDRA_CKE1
Added Pin To Net: NetName=DDRA_CLK_N Pin=U1-C1-10
Added Pin To Net: NetName=DDRA_CLK_N Pin=U2-J9
Added Net: Name=DDRA_CLK_N
Added Pin To Net: NetName=DDRA_CLK_P Pin=U1-B1-10
Added Pin To Net: NetName=DDRA_CLK_P Pin=U2-J8
Added Net: Name=DDRA_CLK_P
Added Pin To Net: NetName=DDRA_CS0 Pin=U1-B11
Added Pin To Net: NetName=DDRA_CS0 Pin=U2-H4
Added Net: Name=DDRA_CS0
Added Pin To Net: NetName=DDRA_CS1 Pin=U1-A7
Added Pin To Net: NetName=DDRA_CS1 Pin=U2-H3
Added Net: Name=DDRA_CS1
Added Pin To Net: NetName=DDRA_D0 Pin=U1-Y2
Added Pin To Net: NetName=DDRA_D0 Pin=U2-B2
Added Net: Name=DDRA_D0
Added Pin To Net: NetName=DDRA_D1 Pin=U1-W1
Added Pin To Net: NetName=DDRA_D1 Pin=U2-C2
Added Net: Name=DDRA_D1
Added Pin To Net: NetName=DDRA_D2 Pin=U1-V1
Added Pin To Net: NetName=DDRA_D2 Pin=U2-E2
Added Net: Name=DDRA_D2
Added Pin To Net: NetName=DDRA_D3 Pin=U1-V2
Added Pin To Net: NetName=DDRA_D3 Pin=U2-F2
Added Net: Name=DDRA_D3
Added Pin To Net: NetName=DDRA_D4 Pin=U1-AE1
Added Pin To Net: NetName=DDRA_D4 Pin=U2-F4
Added Net: Name=DDRA_D4
Added Pin To Net: NetName=DDRA_D5 Pin=U1-AD1
Added Pin To Net: NetName=DDRA_D5 Pin=U2-E4
Added Net: Name=DDRA_D5
Added Pin To Net: NetName=DDRA_D6 Pin=U1-AD2
Added Pin To Net: NetName=DDRA_D6 Pin=U2-C4
Added Net: Name=DDRA_D6
Added Pin To Net: NetName=DDRA_D7 Pin=U1-AC2
Added Pin To Net: NetName=DDRA_D7 Pin=U2-B4
Added Net: Name=DDRA_D7
Added Pin To Net: NetName=DDRA_D8 Pin=U1-R1
Added Pin To Net: NetName=DDRA_D8 Pin=U2-B11
Added Net: Name=DDRA_D8
Added Pin To Net: NetName=DDRA_D9 Pin=U1-M1-3
Added Pin To Net: NetName=DDRA_D9 Pin=U2-C11
Added Net: Name=DDRA_D9
Added Pin To Net: NetName=DDRA_D10 Pin=U1-R2
Added Pin To Net: NetName=DDRA_D10 Pin=U2-E11
Added Net: Name=DDRA_D10
Added Pin To Net: NetName=DDRA_D11 Pin=U1-H1-1
Added Pin To Net: NetName=DDRA_D11 Pin=U2-F11
Added Net: Name=DDRA_D11
Added Pin To Net: NetName=DDRA_D12 Pin=U1-T2
Added Pin To Net: NetName=DDRA_D12 Pin=U2-F9
Added Net: Name=DDRA_D12
Added Pin To Net: NetName=DDRA_D13 Pin=U1-T1
Added Pin To Net: NetName=DDRA_D13 Pin=U2-E9
Added Net: Name=DDRA_D13
Added Pin To Net: NetName=DDRA_D14 Pin=U1-H1-3
Added Pin To Net: NetName=DDRA_D14 Pin=U2-C9
Added Net: Name=DDRA_D14
Added Pin To Net: NetName=DDRA_D15 Pin=U1-P1-1
Added Pin To Net: NetName=DDRA_D15 Pin=U2-B9
Added Net: Name=DDRA_D15
Added Pin To Net: NetName=DDRA_DM0 Pin=U1-W2
Added Pin To Net: NetName=DDRA_DM0 Pin=U2-C3
Added Net: Name=DDRA_DM0
Added Pin To Net: NetName=DDRA_DM1 Pin=U1-M1-1
Added Pin To Net: NetName=DDRA_DM1 Pin=U2-C10
Added Net: Name=DDRA_DM1
Added Pin To Net: NetName=DDRA_DQS0_N Pin=U1-AA1
Added Pin To Net: NetName=DDRA_DQS0_N Pin=U2-E3
Added Net: Name=DDRA_DQS0_N
Added Pin To Net: NetName=DDRA_DQS0_P Pin=U1-AB1
Added Pin To Net: NetName=DDRA_DQS0_P Pin=U2-D3
Added Net: Name=DDRA_DQS0_P
Added Pin To Net: NetName=DDRA_DQS1_N Pin=U1-K1-2
Added Pin To Net: NetName=DDRA_DQS1_N Pin=U2-E10
Added Net: Name=DDRA_DQS1_N
Added Pin To Net: NetName=DDRA_DQS1_P Pin=U1-K1-1
Added Pin To Net: NetName=DDRA_DQS1_P Pin=U2-D10
Added Net: Name=DDRA_DQS1_P
Added Pin To Net: NetName=DDRB_A0 Pin=U1-A1-4
Added Pin To Net: NetName=DDRB_A0 Pin=U2-R2
Added Net: Name=DDRB_A0
Added Pin To Net: NetName=DDRB_A1 Pin=U1-B4
Added Pin To Net: NetName=DDRB_A1 Pin=U2-P2
Added Net: Name=DDRB_A1
Added Pin To Net: NetName=DDRB_A2 Pin=U1-A4
Added Pin To Net: NetName=DDRB_A2 Pin=U2-R9
Added Net: Name=DDRB_A2
Added Pin To Net: NetName=DDRB_A3 Pin=U1-A5
Added Pin To Net: NetName=DDRB_A3 Pin=U2-R10
Added Net: Name=DDRB_A3
Added Pin To Net: NetName=DDRB_A4 Pin=U1-B5
Added Pin To Net: NetName=DDRB_A4 Pin=U2-R11
Added Net: Name=DDRB_A4
Added Pin To Net: NetName=DDRB_A5 Pin=U1-A1-6
Added Pin To Net: NetName=DDRB_A5 Pin=U2-P11
Added Net: Name=DDRB_A5
Added Pin To Net: NetName=DDRB_CKE0 Pin=U1-C1-8
Added Pin To Net: NetName=DDRB_CKE0 Pin=U2-P4
Added Net: Name=DDRB_CKE0
Added Pin To Net: NetName=DDRB_CKE1 Pin=U1-C1-6
Added Pin To Net: NetName=DDRB_CKE1 Pin=U2-P5
Added Net: Name=DDRB_CKE1
Added Pin To Net: NetName=DDRB_CLK_N Pin=U1-A1-2
Added Pin To Net: NetName=DDRB_CLK_N Pin=U2-P9
Added Net: Name=DDRB_CLK_N
Added Pin To Net: NetName=DDRB_CLK_P Pin=U1-B1-2
Added Pin To Net: NetName=DDRB_CLK_P Pin=U2-P8
Added Net: Name=DDRB_CLK_P
Added Pin To Net: NetName=DDRB_CS0 Pin=U1-B7
Added Pin To Net: NetName=DDRB_CS0 Pin=U2-R4
Added Net: Name=DDRB_CS0
Added Pin To Net: NetName=DDRB_CS1 Pin=U1-A14
Added Pin To Net: NetName=DDRB_CS1 Pin=U2-R3
Added Net: Name=DDRB_CS1
Added Pin To Net: NetName=DDRB_D0 Pin=U1-M2
Added Pin To Net: NetName=DDRB_D0 Pin=U2-AA2
Added Net: Name=DDRB_D0
Added Pin To Net: NetName=DDRB_D1 Pin=U1-M1
Added Pin To Net: NetName=DDRB_D1 Pin=U2-Y2
Added Net: Name=DDRB_D1
Added Pin To Net: NetName=DDRB_D2 Pin=U1-N1
Added Pin To Net: NetName=DDRB_D2 Pin=U2-V2
Added Net: Name=DDRB_D2
Added Pin To Net: NetName=DDRB_D3 Pin=U1-N2
Added Pin To Net: NetName=DDRB_D3 Pin=U2-U2
Added Net: Name=DDRB_D3
Added Pin To Net: NetName=DDRB_D4 Pin=U1-H2
Added Pin To Net: NetName=DDRB_D4 Pin=U2-U4
Added Net: Name=DDRB_D4
Added Pin To Net: NetName=DDRB_D5 Pin=U1-J2
Added Pin To Net: NetName=DDRB_D5 Pin=U2-V4
Added Net: Name=DDRB_D5
Added Pin To Net: NetName=DDRB_D6 Pin=U1-J1
Added Pin To Net: NetName=DDRB_D6 Pin=U2-Y4
Added Net: Name=DDRB_D6
Added Pin To Net: NetName=DDRB_D7 Pin=U1-K1
Added Pin To Net: NetName=DDRB_D7 Pin=U2-AA4
Added Net: Name=DDRB_D7
Added Pin To Net: NetName=DDRB_D8 Pin=U1-C1
Added Pin To Net: NetName=DDRB_D8 Pin=U2-AA11
Added Net: Name=DDRB_D8
Added Pin To Net: NetName=DDRB_D9 Pin=U1-B1
Added Pin To Net: NetName=DDRB_D9 Pin=U2-Y11
Added Net: Name=DDRB_D9
Added Pin To Net: NetName=DDRB_D10 Pin=U1-A2
Added Pin To Net: NetName=DDRB_D10 Pin=U2-V11
Added Net: Name=DDRB_D10
Added Pin To Net: NetName=DDRB_D11 Pin=U1-B2
Added Pin To Net: NetName=DDRB_D11 Pin=U2-U11
Added Net: Name=DDRB_D11
Added Pin To Net: NetName=DDRB_D12 Pin=U1-G1
Added Pin To Net: NetName=DDRB_D12 Pin=U2-U9
Added Net: Name=DDRB_D12
Added Pin To Net: NetName=DDRB_D13 Pin=U1-F1
Added Pin To Net: NetName=DDRB_D13 Pin=U2-V9
Added Net: Name=DDRB_D13
Added Pin To Net: NetName=DDRB_D14 Pin=U1-F2
Added Pin To Net: NetName=DDRB_D14 Pin=U2-Y9
Added Net: Name=DDRB_D14
Added Pin To Net: NetName=DDRB_D15 Pin=U1-E2
Added Pin To Net: NetName=DDRB_D15 Pin=U2-AA9
Added Net: Name=DDRB_D15
Added Pin To Net: NetName=DDRB_DM0 Pin=U1-K2
Added Pin To Net: NetName=DDRB_DM0 Pin=U2-Y3
Added Net: Name=DDRB_DM0
Added Pin To Net: NetName=DDRB_DM1 Pin=U1-D2
Added Pin To Net: NetName=DDRB_DM1 Pin=U2-Y10
Added Net: Name=DDRB_DM1
Added Pin To Net: NetName=DDRB_DQS0_N Pin=U1-F1-2
Added Pin To Net: NetName=DDRB_DQS0_N Pin=U2-V3
Added Net: Name=DDRB_DQS0_N
Added Pin To Net: NetName=DDRB_DQS0_P Pin=U1-F1-1
Added Pin To Net: NetName=DDRB_DQS0_P Pin=U2-W3
Added Net: Name=DDRB_DQS0_P
Added Pin To Net: NetName=DDRB_DQS1_N Pin=U1-D1-2
Added Pin To Net: NetName=DDRB_DQS1_N Pin=U2-V10
Added Net: Name=DDRB_DQS1_N
Added Pin To Net: NetName=DDRB_DQS1_P Pin=U1-D1-1
Added Pin To Net: NetName=DDRB_DQS1_P Pin=U2-W10
Added Net: Name=DDRB_DQS1_P
Added Pin To Net: NetName=DVDD10 Pin=C175-2
Added Pin To Net: NetName=DVDD10 Pin=C176-2
Added Pin To Net: NetName=DVDD10 Pin=IC6-21
Added Pin To Net: NetName=DVDD10 Pin=L13-2
Added Net: Name=DVDD10
Added Pin To Net: NetName=DVDD33 Pin=C181-2
Added Pin To Net: NetName=DVDD33 Pin=C182-2
Added Pin To Net: NetName=DVDD33 Pin=IC6-29
Added Pin To Net: NetName=DVDD33 Pin=L11-2
Added Pin To Net: NetName=DVDD33 Pin=R71-1
Added Net: Name=DVDD33
Added Pin To Net: NetName=EMMC_CLK Pin=R25-2
Added Pin To Net: NetName=EMMC_CLK Pin=U3-M6
Added Net: Name=EMMC_CLK
Added Pin To Net: NetName=EMMC_CMD Pin=R23-1
Added Pin To Net: NetName=EMMC_CMD Pin=U1-AG1
Added Pin To Net: NetName=EMMC_CMD Pin=U3-M5
Added Net: Name=EMMC_CMD
Added Pin To Net: NetName=EMMC_D0 Pin=R24-1
Added Pin To Net: NetName=EMMC_D0 Pin=U1-AL1
Added Pin To Net: NetName=EMMC_D0 Pin=U3-A3
Added Net: Name=EMMC_D0
Added Pin To Net: NetName=EMMC_D1 Pin=U1-V1-3
Added Pin To Net: NetName=EMMC_D1 Pin=U3-A4
Added Net: Name=EMMC_D1
Added Pin To Net: NetName=EMMC_D2 Pin=U1-V1-2
Added Pin To Net: NetName=EMMC_D2 Pin=U3-A5
Added Net: Name=EMMC_D2
Added Pin To Net: NetName=EMMC_D3 Pin=U1-AK2
Added Pin To Net: NetName=EMMC_D3 Pin=U3-B2
Added Net: Name=EMMC_D3
Added Pin To Net: NetName=EMMC_D4 Pin=U1-AK1
Added Pin To Net: NetName=EMMC_D4 Pin=U3-B3
Added Net: Name=EMMC_D4
Added Pin To Net: NetName=EMMC_D5 Pin=U1-AJ2
Added Pin To Net: NetName=EMMC_D5 Pin=U3-B4
Added Net: Name=EMMC_D5
Added Pin To Net: NetName=EMMC_D6 Pin=U1-AH2
Added Pin To Net: NetName=EMMC_D6 Pin=U3-B5
Added Net: Name=EMMC_D6
Added Pin To Net: NetName=EMMC_D7 Pin=U1-AH1
Added Pin To Net: NetName=EMMC_D7 Pin=U3-B6
Added Net: Name=EMMC_D7
Added Pin To Net: NetName=EMMC_RST Pin=C126-2
Added Pin To Net: NetName=EMMC_RST Pin=R26-1
Added Pin To Net: NetName=EMMC_RST Pin=U3-K5
Added Net: Name=EMMC_RST
Added Pin To Net: NetName=EN1 Pin=C17-2
Added Pin To Net: NetName=EN1 Pin=IC3-1
Added Pin To Net: NetName=EN1 Pin=R6-1
Added Net: Name=EN1
Added Pin To Net: NetName=EN Pin=C11-2
Added Pin To Net: NetName=EN Pin=R2-1
Added Net: Name=EN
Added Pin To Net: NetName=ETH_CLK_25M Pin=IC6-37
Added Pin To Net: NetName=ETH_CLK_25M Pin=R68-2
Added Net: Name=ETH_CLK_25M
Added Pin To Net: NetName=ETH_MDC_M0 Pin=IC6-13
Added Pin To Net: NetName=ETH_MDC_M0 Pin=R67-2
Added Net: Name=ETH_MDC_M0
Added Pin To Net: NetName=ETH_MDIO Pin=IC6-14
Added Pin To Net: NetName=ETH_MDIO Pin=R70-1
Added Pin To Net: NetName=ETH_MDIO Pin=U1-K1-21
Added Net: Name=ETH_MDIO
Added Pin To Net: NetName=ETH_RX0_M0 Pin=R78-2
Added Pin To Net: NetName=ETH_RX0_M0 Pin=U1-P1-22
Added Net: Name=ETH_RX0_M0
Added Pin To Net: NetName=ETH_RX1_M0 Pin=R79-2
Added Pin To Net: NetName=ETH_RX1_M0 Pin=U1-P1-23
Added Net: Name=ETH_RX1_M0
Added Pin To Net: NetName=ETH_RX2_M0 Pin=R80-2
Added Pin To Net: NetName=ETH_RX2_M0 Pin=U1-AC31
Added Net: Name=ETH_RX2_M0
Added Pin To Net: NetName=ETH_RX3_M0 Pin=R81-2
Added Pin To Net: NetName=ETH_RX3_M0 Pin=U1-AB31
Added Net: Name=ETH_RX3_M0
Added Pin To Net: NetName=ETH_RXCLK_M0 Pin=R76-2
Added Pin To Net: NetName=ETH_RXCLK_M0 Pin=U1-V31
Added Net: Name=ETH_RXCLK_M0
Added Pin To Net: NetName=ETH_RXCTL_M0 Pin=R77-2
Added Pin To Net: NetName=ETH_RXCTL_M0 Pin=U1-M1-22
Added Net: Name=ETH_RXCTL_M0
Added Pin To Net: NetName=ETH_TX0_M0 Pin=IC6-18
Added Pin To Net: NetName=ETH_TX0_M0 Pin=R64-2
Added Net: Name=ETH_TX0_M0
Added Pin To Net: NetName=ETH_TX1_M0 Pin=IC6-17
Added Pin To Net: NetName=ETH_TX1_M0 Pin=R65-2
Added Net: Name=ETH_TX1_M0
Added Pin To Net: NetName=ETH_TX2_M0 Pin=IC6-16
Added Pin To Net: NetName=ETH_TX2_M0 Pin=R62-2
Added Net: Name=ETH_TX2_M0
Added Pin To Net: NetName=ETH_TX3_M0 Pin=IC6-15
Added Pin To Net: NetName=ETH_TX3_M0 Pin=R63-2
Added Net: Name=ETH_TX3_M0
Added Pin To Net: NetName=ETH_TXCLK_M0 Pin=IC6-20
Added Pin To Net: NetName=ETH_TXCLK_M0 Pin=R69-2
Added Net: Name=ETH_TXCLK_M0
Added Pin To Net: NetName=ETH_TXCTL_M0 Pin=IC6-19
Added Pin To Net: NetName=ETH_TXCTL_M0 Pin=R66-2
Added Net: Name=ETH_TXCTL_M0
Added Pin To Net: NetName=GND Pin=C1-1
Added Pin To Net: NetName=GND Pin=C2-1
Added Pin To Net: NetName=GND Pin=C3-1
Added Pin To Net: NetName=GND Pin=C4-2
Added Pin To Net: NetName=GND Pin=C5-1
Added Pin To Net: NetName=GND Pin=C6-2
Added Pin To Net: NetName=GND Pin=C7-2
Added Pin To Net: NetName=GND Pin=C11-1
Added Pin To Net: NetName=GND Pin=C12-1
Added Pin To Net: NetName=GND Pin=C13-1
Added Pin To Net: NetName=GND Pin=C15-1
Added Pin To Net: NetName=GND Pin=C16-1
Added Pin To Net: NetName=GND Pin=C17-1
Added Pin To Net: NetName=GND Pin=C18-1
Added Pin To Net: NetName=GND Pin=C19-1
Added Pin To Net: NetName=GND Pin=C21-1
Added Pin To Net: NetName=GND Pin=C22-1
Added Pin To Net: NetName=GND Pin=C23-1
Added Pin To Net: NetName=GND Pin=C24-1
Added Pin To Net: NetName=GND Pin=C25-1
Added Pin To Net: NetName=GND Pin=C26-1
Added Pin To Net: NetName=GND Pin=C28-1
Added Pin To Net: NetName=GND Pin=C29-1
Added Pin To Net: NetName=GND Pin=C30-1
Added Pin To Net: NetName=GND Pin=C31-1
Added Pin To Net: NetName=GND Pin=C32-2
Added Pin To Net: NetName=GND Pin=C33-1
Added Pin To Net: NetName=GND Pin=C35-1
Added Pin To Net: NetName=GND Pin=C36-1
Added Pin To Net: NetName=GND Pin=C37-1
Added Pin To Net: NetName=GND Pin=C38-1
Added Pin To Net: NetName=GND Pin=C39-1
Added Pin To Net: NetName=GND Pin=C40-1
Added Pin To Net: NetName=GND Pin=C41-1
Added Pin To Net: NetName=GND Pin=C42-1
Added Pin To Net: NetName=GND Pin=C43-1
Added Pin To Net: NetName=GND Pin=C44-1
Added Pin To Net: NetName=GND Pin=C45-1
Added Pin To Net: NetName=GND Pin=C46-1
Added Pin To Net: NetName=GND Pin=C47-1
Added Pin To Net: NetName=GND Pin=C48-1
Added Pin To Net: NetName=GND Pin=C49-1
Added Pin To Net: NetName=GND Pin=C50-1
Added Pin To Net: NetName=GND Pin=C51-1
Added Pin To Net: NetName=GND Pin=C52-1
Added Pin To Net: NetName=GND Pin=C53-1
Added Pin To Net: NetName=GND Pin=C54-1
Added Pin To Net: NetName=GND Pin=C55-1
Added Pin To Net: NetName=GND Pin=C56-1
Added Pin To Net: NetName=GND Pin=C57-1
Added Pin To Net: NetName=GND Pin=C58-1
Added Pin To Net: NetName=GND Pin=C59-1
Added Pin To Net: NetName=GND Pin=C60-1
Added Pin To Net: NetName=GND Pin=C61-2
Added Pin To Net: NetName=GND Pin=C62-1
Added Pin To Net: NetName=GND Pin=C63-1
Added Pin To Net: NetName=GND Pin=C64-2
Added Pin To Net: NetName=GND Pin=C65-1
Added Pin To Net: NetName=GND Pin=C66-1
Added Pin To Net: NetName=GND Pin=C67-1
Added Pin To Net: NetName=GND Pin=C68-1
Added Pin To Net: NetName=GND Pin=C69-1
Added Pin To Net: NetName=GND Pin=C70-1
Added Pin To Net: NetName=GND Pin=C71-1
Added Pin To Net: NetName=GND Pin=C72-1
Added Pin To Net: NetName=GND Pin=C73-1
Added Pin To Net: NetName=GND Pin=C74-1
Added Pin To Net: NetName=GND Pin=C80-1
Added Pin To Net: NetName=GND Pin=C81-1
Added Pin To Net: NetName=GND Pin=C82-1
Added Pin To Net: NetName=GND Pin=C83-1
Added Pin To Net: NetName=GND Pin=C84-1
Added Pin To Net: NetName=GND Pin=C85-1
Added Pin To Net: NetName=GND Pin=C86-1
Added Pin To Net: NetName=GND Pin=C87-1
Added Pin To Net: NetName=GND Pin=C88-1
Added Pin To Net: NetName=GND Pin=C89-1
Added Pin To Net: NetName=GND Pin=C90-1
Added Pin To Net: NetName=GND Pin=C91-1
Added Pin To Net: NetName=GND Pin=C92-1
Added Pin To Net: NetName=GND Pin=C93-1
Added Pin To Net: NetName=GND Pin=C94-1
Added Pin To Net: NetName=GND Pin=C95-1
Added Pin To Net: NetName=GND Pin=C96-1
Added Pin To Net: NetName=GND Pin=C97-1
Added Pin To Net: NetName=GND Pin=C98-1
Added Pin To Net: NetName=GND Pin=C99-1
Added Pin To Net: NetName=GND Pin=C100-1
Added Pin To Net: NetName=GND Pin=C101-1
Added Pin To Net: NetName=GND Pin=C102-1
Added Pin To Net: NetName=GND Pin=C103-1
Added Pin To Net: NetName=GND Pin=C104-1
Added Pin To Net: NetName=GND Pin=C105-1
Added Pin To Net: NetName=GND Pin=C106-1
Added Pin To Net: NetName=GND Pin=C107-1
Added Pin To Net: NetName=GND Pin=C108-1
Added Pin To Net: NetName=GND Pin=C109-1
Added Pin To Net: NetName=GND Pin=C110-1
Added Pin To Net: NetName=GND Pin=C111-1
Added Pin To Net: NetName=GND Pin=C112-1
Added Pin To Net: NetName=GND Pin=C113-1
Added Pin To Net: NetName=GND Pin=C114-1
Added Pin To Net: NetName=GND Pin=C115-1
Added Pin To Net: NetName=GND Pin=C116-1
Added Pin To Net: NetName=GND Pin=C117-1
Added Pin To Net: NetName=GND Pin=C118-1
Added Pin To Net: NetName=GND Pin=C119-1
Added Pin To Net: NetName=GND Pin=C120-1
Added Pin To Net: NetName=GND Pin=C121-1
Added Pin To Net: NetName=GND Pin=C122-1
Added Pin To Net: NetName=GND Pin=C123-1
Added Pin To Net: NetName=GND Pin=C124-1
Added Pin To Net: NetName=GND Pin=C125-1
Added Pin To Net: NetName=GND Pin=C126-1
Added Pin To Net: NetName=GND Pin=C127-1
Added Pin To Net: NetName=GND Pin=C128-1
Added Pin To Net: NetName=GND Pin=C129-1
Added Pin To Net: NetName=GND Pin=C130-1
Added Pin To Net: NetName=GND Pin=C131-1
Added Pin To Net: NetName=GND Pin=C132-1
Added Pin To Net: NetName=GND Pin=C133-1
Added Pin To Net: NetName=GND Pin=C134-1
Added Pin To Net: NetName=GND Pin=C135-1
Added Pin To Net: NetName=GND Pin=C136-1
Added Pin To Net: NetName=GND Pin=C137-1
Added Pin To Net: NetName=GND Pin=C138-2
Added Pin To Net: NetName=GND Pin=C139-1
Added Pin To Net: NetName=GND Pin=C141-2
Added Pin To Net: NetName=GND Pin=C142-1
Added Pin To Net: NetName=GND Pin=C143-1
Added Pin To Net: NetName=GND Pin=C144-1
Added Pin To Net: NetName=GND Pin=C145-1
Added Pin To Net: NetName=GND Pin=C147-1
Added Pin To Net: NetName=GND Pin=C148-1
Added Pin To Net: NetName=GND Pin=C149-2
Added Pin To Net: NetName=GND Pin=C150-1
Added Pin To Net: NetName=GND Pin=C151-1
Added Pin To Net: NetName=GND Pin=C152-1
Added Pin To Net: NetName=GND Pin=C153-1
Added Pin To Net: NetName=GND Pin=C154-1
Added Pin To Net: NetName=GND Pin=C155-1
Added Pin To Net: NetName=GND Pin=C156-1
Added Pin To Net: NetName=GND Pin=C157-1
Added Pin To Net: NetName=GND Pin=C158-1
Added Pin To Net: NetName=GND Pin=C159-1
Added Pin To Net: NetName=GND Pin=C160-1
Added Pin To Net: NetName=GND Pin=C161-1
Added Pin To Net: NetName=GND Pin=C162-1
Added Pin To Net: NetName=GND Pin=C163-1
Added Pin To Net: NetName=GND Pin=C164-1
Added Pin To Net: NetName=GND Pin=C165-1
Added Pin To Net: NetName=GND Pin=C166-1
Added Pin To Net: NetName=GND Pin=C167-1
Added Pin To Net: NetName=GND Pin=C168-1
Added Pin To Net: NetName=GND Pin=C169-1
Added Pin To Net: NetName=GND Pin=C170-2
Added Pin To Net: NetName=GND Pin=C171-1
Added Pin To Net: NetName=GND Pin=C172-1
Added Pin To Net: NetName=GND Pin=C173-1
Added Pin To Net: NetName=GND Pin=C174-1
Added Pin To Net: NetName=GND Pin=C175-1
Added Pin To Net: NetName=GND Pin=C176-1
Added Pin To Net: NetName=GND Pin=C177-1
Added Pin To Net: NetName=GND Pin=C178-1
Added Pin To Net: NetName=GND Pin=C179-1
Added Pin To Net: NetName=GND Pin=C180-1
Added Pin To Net: NetName=GND Pin=C181-1
Added Pin To Net: NetName=GND Pin=C182-1
Added Pin To Net: NetName=GND Pin=C183-1
Added Pin To Net: NetName=GND Pin=C184-1
Added Pin To Net: NetName=GND Pin=C185-1
Added Pin To Net: NetName=GND Pin=C186-1
Added Pin To Net: NetName=GND Pin=C187-1
Added Pin To Net: NetName=GND Pin=C188-1
Added Pin To Net: NetName=GND Pin=C?-1
Added Pin To Net: NetName=GND Pin=CN1-1
Added Pin To Net: NetName=GND Pin=CN1-2
Added Pin To Net: NetName=GND Pin=CN2-3
Added Pin To Net: NetName=GND Pin=CN2-15
Added Pin To Net: NetName=GND Pin=CN2-31
Added Pin To Net: NetName=GND Pin=CN2-32
Added Pin To Net: NetName=GND Pin=D1-1
Added Pin To Net: NetName=GND Pin=D2-1
Added Pin To Net: NetName=GND Pin=D3-1
Added Pin To Net: NetName=GND Pin=D4-1
Added Pin To Net: NetName=GND Pin=D5-1
Added Pin To Net: NetName=GND Pin=D6-1
Added Pin To Net: NetName=GND Pin=D7-1
Added Pin To Net: NetName=GND Pin=D8-1
Added Pin To Net: NetName=GND Pin=D9-1
Added Pin To Net: NetName=GND Pin=D10-1
Added Pin To Net: NetName=GND Pin=D11-1
Added Pin To Net: NetName=GND Pin=D12-1
Added Pin To Net: NetName=GND Pin=D13-1
Added Pin To Net: NetName=GND Pin=D14-1
Added Pin To Net: NetName=GND Pin=D15-1
Added Pin To Net: NetName=GND Pin=FPC1-6
Added Pin To Net: NetName=GND Pin=FPC1-12
Added Pin To Net: NetName=GND Pin=FPC1-16
Added Pin To Net: NetName=GND Pin=FPC1-17
Added Pin To Net: NetName=GND Pin=FPC1-20
Added Pin To Net: NetName=GND Pin=FPC1-23
Added Pin To Net: NetName=GND Pin=FPC1-32
Added Pin To Net: NetName=GND Pin=FPC1-41
Added Pin To Net: NetName=GND Pin=FPC1-42
Added Pin To Net: NetName=GND Pin=FPC1-43
Added Pin To Net: NetName=GND Pin=IC1-B2
Added Pin To Net: NetName=GND Pin=IC1-B3
Added Pin To Net: NetName=GND Pin=IC1-B4
Added Pin To Net: NetName=GND Pin=IC1-C1
Added Pin To Net: NetName=GND Pin=IC1-C2
Added Pin To Net: NetName=GND Pin=IC1-C3
Added Pin To Net: NetName=GND Pin=IC1-C4
Added Pin To Net: NetName=GND Pin=IC2-2
Added Pin To Net: NetName=GND Pin=IC3-2
Added Pin To Net: NetName=GND Pin=IC4-29
Added Pin To Net: NetName=GND Pin=IC5-2
Added Pin To Net: NetName=GND Pin=IC6-36
Added Pin To Net: NetName=GND Pin=IC6-41
Added Pin To Net: NetName=GND Pin=Q2-2
Added Pin To Net: NetName=GND Pin=R1-1
Added Pin To Net: NetName=GND Pin=R3-1
Added Pin To Net: NetName=GND Pin=R8-1
Added Pin To Net: NetName=GND Pin=R10-1
Added Pin To Net: NetName=GND Pin=R35-1
Added Pin To Net: NetName=GND Pin=R37-1
Added Pin To Net: NetName=GND Pin=R38-1
Added Pin To Net: NetName=GND Pin=R47-1
Added Pin To Net: NetName=GND Pin=R56-1
Added Pin To Net: NetName=GND Pin=R72-1
Added Pin To Net: NetName=GND Pin=R73-2
Added Pin To Net: NetName=GND Pin=SD1-0
Added Pin To Net: NetName=GND Pin=SD1-0
Added Pin To Net: NetName=GND Pin=SD1-6
Added Pin To Net: NetName=GND Pin=SD1-G1
Added Pin To Net: NetName=GND Pin=SD1-G2
Added Pin To Net: NetName=GND Pin=SD1-G3
Added Pin To Net: NetName=GND Pin=SD1-G4
Added Pin To Net: NetName=GND Pin=SW1-2
Added Pin To Net: NetName=GND Pin=U1-A1
Added Pin To Net: NetName=GND Pin=U1-A1-10
Added Pin To Net: NetName=GND Pin=U1-A2-3
Added Pin To Net: NetName=GND Pin=U1-A2-4
Added Pin To Net: NetName=GND Pin=U1-A2-5
Added Pin To Net: NetName=GND Pin=U1-A2-6
Added Pin To Net: NetName=GND Pin=U1-A2-7
Added Pin To Net: NetName=GND Pin=U1-A2-8
Added Pin To Net: NetName=GND Pin=U1-A2-9
Added Pin To Net: NetName=GND Pin=U1-A2-13
Added Pin To Net: NetName=GND Pin=U1-A19
Added Pin To Net: NetName=GND Pin=U1-A32
Added Pin To Net: NetName=GND Pin=U1-AA2
Added Pin To Net: NetName=GND Pin=U1-AB2
Added Pin To Net: NetName=GND Pin=U1-AD31
Added Pin To Net: NetName=GND Pin=U1-AE2
Added Pin To Net: NetName=GND Pin=U1-AH31
Added Pin To Net: NetName=GND Pin=U1-AK31
Added Pin To Net: NetName=GND Pin=U1-AL5
Added Pin To Net: NetName=GND Pin=U1-AL8
Added Pin To Net: NetName=GND Pin=U1-AL16
Added Pin To Net: NetName=GND Pin=U1-AL19
Added Pin To Net: NetName=GND Pin=U1-AL26
Added Pin To Net: NetName=GND Pin=U1-AM1
Added Pin To Net: NetName=GND Pin=U1-AM14
Added Pin To Net: NetName=GND Pin=U1-AM32
Added Pin To Net: NetName=GND Pin=U1-B1-4
Added Pin To Net: NetName=GND Pin=U1-B1-6
Added Pin To Net: NetName=GND Pin=U1-B1-8
Added Pin To Net: NetName=GND Pin=U1-B2-1
Added Pin To Net: NetName=GND Pin=U1-B2-2
Added Pin To Net: NetName=GND Pin=U1-B2-3
Added Pin To Net: NetName=GND Pin=U1-B2-4
Added Pin To Net: NetName=GND Pin=U1-B2-5
Added Pin To Net: NetName=GND Pin=U1-B2-6
Added Pin To Net: NetName=GND Pin=U1-B2-7
Added Pin To Net: NetName=GND Pin=U1-B2-13
Added Pin To Net: NetName=GND Pin=U1-B3
Added Pin To Net: NetName=GND Pin=U1-B6
Added Pin To Net: NetName=GND Pin=U1-B9
Added Pin To Net: NetName=GND Pin=U1-B12
Added Pin To Net: NetName=GND Pin=U1-B15
Added Pin To Net: NetName=GND Pin=U1-B23
Added Pin To Net: NetName=GND Pin=U1-B26
Added Pin To Net: NetName=GND Pin=U1-C1-2
Added Pin To Net: NetName=GND Pin=U1-C1-14
Added Pin To Net: NetName=GND Pin=U1-C1-20
Added Pin To Net: NetName=GND Pin=U1-C2
Added Pin To Net: NetName=GND Pin=U1-C2-1
Added Pin To Net: NetName=GND Pin=U1-C2-2
Added Pin To Net: NetName=GND Pin=U1-C2-6
Added Pin To Net: NetName=GND Pin=U1-C2-7
Added Pin To Net: NetName=GND Pin=U1-C2-8
Added Pin To Net: NetName=GND Pin=U1-C2-9
Added Pin To Net: NetName=GND Pin=U1-C2-10
Added Pin To Net: NetName=GND Pin=U1-C31
Added Pin To Net: NetName=GND Pin=U1-D1
Added Pin To Net: NetName=GND Pin=U1-D1-3
Added Pin To Net: NetName=GND Pin=U1-D2-1
Added Pin To Net: NetName=GND Pin=U1-D2-2
Added Pin To Net: NetName=GND Pin=U1-D2-4
Added Pin To Net: NetName=GND Pin=U1-D2-5
Added Pin To Net: NetName=GND Pin=U1-D2-9
Added Pin To Net: NetName=GND Pin=U1-D2-10
Added Pin To Net: NetName=GND Pin=U1-D2-11
Added Pin To Net: NetName=GND Pin=U1-D2-12
Added Pin To Net: NetName=GND Pin=U1-E2-1
Added Pin To Net: NetName=GND Pin=U1-E2-2
Added Pin To Net: NetName=GND Pin=U1-E2-9
Added Pin To Net: NetName=GND Pin=U1-E2-11
Added Pin To Net: NetName=GND Pin=U1-F1-3
Added Pin To Net: NetName=GND Pin=U1-F1-21
Added Pin To Net: NetName=GND Pin=U1-F2-1
Added Pin To Net: NetName=GND Pin=U1-F2-2
Added Pin To Net: NetName=GND Pin=U1-F2-6
Added Pin To Net: NetName=GND Pin=U1-F2-7
Added Pin To Net: NetName=GND Pin=U1-F2-8
Added Pin To Net: NetName=GND Pin=U1-F2-9
Added Pin To Net: NetName=GND Pin=U1-F2-11
Added Pin To Net: NetName=GND Pin=U1-F2-13
Added Pin To Net: NetName=GND Pin=U1-G2
Added Pin To Net: NetName=GND Pin=U1-G2-1
Added Pin To Net: NetName=GND Pin=U1-G2-2
Added Pin To Net: NetName=GND Pin=U1-G2-3
Added Pin To Net: NetName=GND Pin=U1-G2-4
Added Pin To Net: NetName=GND Pin=U1-G2-6
Added Pin To Net: NetName=GND Pin=U1-G2-7
Added Pin To Net: NetName=GND Pin=U1-G2-8
Added Pin To Net: NetName=GND Pin=U1-G2-9
Added Pin To Net: NetName=GND Pin=U1-G2-11
Added Pin To Net: NetName=GND Pin=U1-G2-13
Added Pin To Net: NetName=GND Pin=U1-H1-2
Added Pin To Net: NetName=GND Pin=U1-H2-1
Added Pin To Net: NetName=GND Pin=U1-H2-2
Added Pin To Net: NetName=GND Pin=U1-H2-3
Added Pin To Net: NetName=GND Pin=U1-H2-5
Added Pin To Net: NetName=GND Pin=U1-H2-9
Added Pin To Net: NetName=GND Pin=U1-H2-10
Added Pin To Net: NetName=GND Pin=U1-H2-11
Added Pin To Net: NetName=GND Pin=U1-H2-13
Added Pin To Net: NetName=GND Pin=U1-H31
Added Pin To Net: NetName=GND Pin=U1-J2-3
Added Pin To Net: NetName=GND Pin=U1-J2-5
Added Pin To Net: NetName=GND Pin=U1-J2-10
Added Pin To Net: NetName=GND Pin=U1-J2-11
Added Pin To Net: NetName=GND Pin=U1-J2-13
Added Pin To Net: NetName=GND Pin=U1-K1-3
Added Pin To Net: NetName=GND Pin=U1-K1-22
Added Pin To Net: NetName=GND Pin=U1-K2-1
Added Pin To Net: NetName=GND Pin=U1-K2-3
Added Pin To Net: NetName=GND Pin=U1-K2-6
Added Pin To Net: NetName=GND Pin=U1-K2-7
Added Pin To Net: NetName=GND Pin=U1-K2-8
Added Pin To Net: NetName=GND Pin=U1-K2-9
Added Pin To Net: NetName=GND Pin=U1-K2-10
Added Pin To Net: NetName=GND Pin=U1-K2-13
Added Pin To Net: NetName=GND Pin=U1-L2
Added Pin To Net: NetName=GND Pin=U1-L2-1
Added Pin To Net: NetName=GND Pin=U1-L2-7
Added Pin To Net: NetName=GND Pin=U1-L2-8
Added Pin To Net: NetName=GND Pin=U1-L2-13
Added Pin To Net: NetName=GND Pin=U1-M1-2
Added Pin To Net: NetName=GND Pin=U1-M2-4
Added Pin To Net: NetName=GND Pin=U1-M2-8
Added Pin To Net: NetName=GND Pin=U1-M2-9
Added Pin To Net: NetName=GND Pin=U1-M2-10
Added Pin To Net: NetName=GND Pin=U1-M2-11
Added Pin To Net: NetName=GND Pin=U1-M2-12
Added Pin To Net: NetName=GND Pin=U1-M2-13
Added Pin To Net: NetName=GND Pin=U1-M31
Added Pin To Net: NetName=GND Pin=U1-N2-1
Added Pin To Net: NetName=GND Pin=U1-N2-2
Added Pin To Net: NetName=GND Pin=U1-N2-3
Added Pin To Net: NetName=GND Pin=U1-N2-4
Added Pin To Net: NetName=GND Pin=U1-N2-5
Added Pin To Net: NetName=GND Pin=U1-N2-6
Added Pin To Net: NetName=GND Pin=U1-N2-9
Added Pin To Net: NetName=GND Pin=U1-N2-10
Added Pin To Net: NetName=GND Pin=U1-N2-11
Added Pin To Net: NetName=GND Pin=U1-N2-12
Added Pin To Net: NetName=GND Pin=U1-N2-13
Added Pin To Net: NetName=GND Pin=U1-P1-2
Added Pin To Net: NetName=GND Pin=U1-P2
Added Pin To Net: NetName=GND Pin=U1-T31
Added Pin To Net: NetName=GND Pin=U1-U2
Added Pin To Net: NetName=GND Pin=U1-V1-23
Added Pin To Net: NetName=GND Pin=U1-Y1-1
Added Pin To Net: NetName=GND Pin=U1-Y1-2
Added Pin To Net: NetName=GND Pin=U1-Y1-3
Added Pin To Net: NetName=GND Pin=U1-Y1-22
Added Pin To Net: NetName=GND Pin=U1-Y31
Added Pin To Net: NetName=GND Pin=U2-A3
Added Pin To Net: NetName=GND Pin=U2-A10
Added Pin To Net: NetName=GND Pin=U2-AB3
Added Pin To Net: NetName=GND Pin=U2-AB5
Added Pin To Net: NetName=GND Pin=U2-AB8
Added Pin To Net: NetName=GND Pin=U2-AB10
Added Pin To Net: NetName=GND Pin=U2-C1
Added Pin To Net: NetName=GND Pin=U2-C5
Added Pin To Net: NetName=GND Pin=U2-C8
Added Pin To Net: NetName=GND Pin=U2-C12
Added Pin To Net: NetName=GND Pin=U2-D2
Added Pin To Net: NetName=GND Pin=U2-D4
Added Pin To Net: NetName=GND Pin=U2-D9
Added Pin To Net: NetName=GND Pin=U2-D11
Added Pin To Net: NetName=GND Pin=U2-E1
Added Pin To Net: NetName=GND Pin=U2-E5
Added Pin To Net: NetName=GND Pin=U2-E8
Added Pin To Net: NetName=GND Pin=U2-E12
Added Pin To Net: NetName=GND Pin=U2-G1
Added Pin To Net: NetName=GND Pin=U2-G3
Added Pin To Net: NetName=GND Pin=U2-G5
Added Pin To Net: NetName=GND Pin=U2-G8
Added Pin To Net: NetName=GND Pin=U2-G10
Added Pin To Net: NetName=GND Pin=U2-G12
Added Pin To Net: NetName=GND Pin=U2-J1
Added Pin To Net: NetName=GND Pin=U2-J3
Added Pin To Net: NetName=GND Pin=U2-J10
Added Pin To Net: NetName=GND Pin=U2-J12
Added Pin To Net: NetName=GND Pin=U2-K2
Added Pin To Net: NetName=GND Pin=U2-K4
Added Pin To Net: NetName=GND Pin=U2-K9
Added Pin To Net: NetName=GND Pin=U2-K11
Added Pin To Net: NetName=GND Pin=U2-N2
Added Pin To Net: NetName=GND Pin=U2-N4
Added Pin To Net: NetName=GND Pin=U2-N9
Added Pin To Net: NetName=GND Pin=U2-N11
Added Pin To Net: NetName=GND Pin=U2-P1
Added Pin To Net: NetName=GND Pin=U2-P3
Added Pin To Net: NetName=GND Pin=U2-P10
Added Pin To Net: NetName=GND Pin=U2-P12
Added Pin To Net: NetName=GND Pin=U2-T1
Added Pin To Net: NetName=GND Pin=U2-T3
Added Pin To Net: NetName=GND Pin=U2-T5
Added Pin To Net: NetName=GND Pin=U2-T8
Added Pin To Net: NetName=GND Pin=U2-T10
Added Pin To Net: NetName=GND Pin=U2-T12
Added Pin To Net: NetName=GND Pin=U2-V1
Added Pin To Net: NetName=GND Pin=U2-V5
Added Pin To Net: NetName=GND Pin=U2-V8
Added Pin To Net: NetName=GND Pin=U2-V12
Added Pin To Net: NetName=GND Pin=U2-W2
Added Pin To Net: NetName=GND Pin=U2-W4
Added Pin To Net: NetName=GND Pin=U2-W9
Added Pin To Net: NetName=GND Pin=U2-W11
Added Pin To Net: NetName=GND Pin=U2-Y1
Added Pin To Net: NetName=GND Pin=U2-Y5
Added Pin To Net: NetName=GND Pin=U2-Y8
Added Pin To Net: NetName=GND Pin=U2-Y12
Added Pin To Net: NetName=GND Pin=U3-A6
Added Pin To Net: NetName=GND Pin=U3-C4
Added Pin To Net: NetName=GND Pin=U3-E7
Added Pin To Net: NetName=GND Pin=U3-G5
Added Pin To Net: NetName=GND Pin=U3-H10
Added Pin To Net: NetName=GND Pin=U3-J5
Added Pin To Net: NetName=GND Pin=U3-K8
Added Pin To Net: NetName=GND Pin=U3-N2
Added Pin To Net: NetName=GND Pin=U3-N5
Added Pin To Net: NetName=GND Pin=U3-P4
Added Pin To Net: NetName=GND Pin=U3-P6
Added Pin To Net: NetName=GND Pin=U4-1
Added Pin To Net: NetName=GND Pin=U4-5
Added Pin To Net: NetName=GND Pin=U4-6
Added Pin To Net: NetName=GND Pin=X1-2
Added Pin To Net: NetName=GND Pin=X1-4
Added Net: Name=GND
Added Pin To Net: NetName=GPIO0_A3 Pin=IC4-11
Added Pin To Net: NetName=GPIO0_A3 Pin=U1-AM11
Added Net: Name=GPIO0_A3
Added Pin To Net: NetName=GPIO0_C1_d Pin=IC1-A1
Added Pin To Net: NetName=GPIO0_C1_d Pin=U1-AC1-10
Added Net: Name=GPIO0_C1_d
Added Pin To Net: NetName=GPIO4_A2_PWND0 Pin=FPC1-22
Added Pin To Net: NetName=GPIO4_A2_PWND0 Pin=U1-Y1-23
Added Net: Name=GPIO4_A2_PWND0
Added Pin To Net: NetName=GPIO4_A3_RST0 Pin=C158-2
Added Pin To Net: NetName=GPIO4_A3_RST0 Pin=FPC1-24
Added Pin To Net: NetName=GPIO4_A3_RST0 Pin=U1-V1-21
Added Net: Name=GPIO4_A3_RST0
Added Pin To Net: NetName=GPIO4_A4_PWND1 Pin=FPC1-26
Added Pin To Net: NetName=GPIO4_A4_PWND1 Pin=U1-V1-22
Added Net: Name=GPIO4_A4_PWND1
Added Pin To Net: NetName=GPIO4_A5_RST1 Pin=C159-2
Added Pin To Net: NetName=GPIO4_A5_RST1 Pin=FPC1-28
Added Pin To Net: NetName=GPIO4_A5_RST1 Pin=U1-AF32
Added Net: Name=GPIO4_A5_RST1
Added Pin To Net: NetName=I2C1_SCL_M2 Pin=FPC1-10
Added Pin To Net: NetName=I2C1_SCL_M2 Pin=R58-1
Added Pin To Net: NetName=I2C1_SCL_M2 Pin=U1-AG32
Added Net: Name=I2C1_SCL_M2
Added Pin To Net: NetName=I2C1_SDA_M2 Pin=FPC1-8
Added Pin To Net: NetName=I2C1_SDA_M2 Pin=R59-1
Added Pin To Net: NetName=I2C1_SDA_M2 Pin=U1-AG31
Added Net: Name=I2C1_SDA_M2
Added Pin To Net: NetName=INT Pin=IC4-7
Added Pin To Net: NetName=INT Pin=R11-2
Added Pin To Net: NetName=INT Pin=U1-AB1-6
Added Net: Name=INT
Added Pin To Net: NetName=MDI0_N Pin=CN2-14
Added Pin To Net: NetName=MDI0_N Pin=IC6-2
Added Net: Name=MDI0_N
Added Pin To Net: NetName=MDI0_P Pin=CN2-16
Added Pin To Net: NetName=MDI0_P Pin=IC6-1
Added Net: Name=MDI0_P
Added Pin To Net: NetName=MDI1_N Pin=CN2-10
Added Pin To Net: NetName=MDI1_N Pin=IC6-5
Added Net: Name=MDI1_N
Added Pin To Net: NetName=MDI1_P Pin=CN2-12
Added Pin To Net: NetName=MDI1_P Pin=IC6-4
Added Net: Name=MDI1_P
Added Pin To Net: NetName=MDI2_N Pin=CN2-6
Added Pin To Net: NetName=MDI2_N Pin=IC6-7
Added Net: Name=MDI2_N
Added Pin To Net: NetName=MDI2_P Pin=CN2-8
Added Pin To Net: NetName=MDI2_P Pin=IC6-6
Added Net: Name=MDI2_P
Added Pin To Net: NetName=MDI3_N Pin=CN2-2
Added Pin To Net: NetName=MDI3_N Pin=IC6-10
Added Net: Name=MDI3_N
Added Pin To Net: NetName=MDI3_P Pin=CN2-4
Added Pin To Net: NetName=MDI3_P Pin=IC6-9
Added Net: Name=MDI3_P
Added Pin To Net: NetName=MIPI_CSI_RX0_CLK0_N Pin=FPC1-19
Added Pin To Net: NetName=MIPI_CSI_RX0_CLK0_N Pin=U1-AL23
Added Net: Name=MIPI_CSI_RX0_CLK0_N
Added Pin To Net: NetName=MIPI_CSI_RX0_CLK0_P Pin=FPC1-21
Added Pin To Net: NetName=MIPI_CSI_RX0_CLK0_P Pin=U1-AM23
Added Net: Name=MIPI_CSI_RX0_CLK0_P
Added Pin To Net: NetName=MIPI_CSI_RX0_D0_N Pin=FPC1-1
Added Pin To Net: NetName=MIPI_CSI_RX0_D0_N Pin=U1-AM26
Added Net: Name=MIPI_CSI_RX0_D0_N
Added Pin To Net: NetName=MIPI_CSI_RX0_D0_P Pin=FPC1-3
Added Pin To Net: NetName=MIPI_CSI_RX0_D0_P Pin=U1-AM25
Added Net: Name=MIPI_CSI_RX0_D0_P
Added Pin To Net: NetName=MIPI_CSI_RX0_D1_N Pin=FPC1-5
Added Pin To Net: NetName=MIPI_CSI_RX0_D1_N Pin=U1-AL25
Added Net: Name=MIPI_CSI_RX0_D1_N
Added Pin To Net: NetName=MIPI_CSI_RX0_D1_P Pin=FPC1-7
Added Pin To Net: NetName=MIPI_CSI_RX0_D1_P Pin=U1-AL24
Added Net: Name=MIPI_CSI_RX0_D1_P
Added Pin To Net: NetName=MIPI_CSI_RX0_D2_N Pin=FPC1-9
Added Pin To Net: NetName=MIPI_CSI_RX0_D2_N Pin=U1-AM20
Added Net: Name=MIPI_CSI_RX0_D2_N
Added Pin To Net: NetName=MIPI_CSI_RX0_D2_P Pin=FPC1-11
Added Pin To Net: NetName=MIPI_CSI_RX0_D2_P Pin=U1-AM19
Added Net: Name=MIPI_CSI_RX0_D2_P
Added Pin To Net: NetName=MIPI_CSI_RX0_D3_N Pin=FPC1-13
Added Pin To Net: NetName=MIPI_CSI_RX0_D3_N Pin=U1-AL21
Added Net: Name=MIPI_CSI_RX0_D3_N
Added Pin To Net: NetName=MIPI_CSI_RX0_D3_P Pin=FPC1-15
Added Pin To Net: NetName=MIPI_CSI_RX0_D3_P Pin=U1-AL20
Added Net: Name=MIPI_CSI_RX0_D3_P
Added Pin To Net: NetName=MIPI_CSI_RX1_CLK0_N Pin=FPC1-4
Added Pin To Net: NetName=MIPI_CSI_RX1_CLK0_N Pin=U1-AM31
Added Net: Name=MIPI_CSI_RX1_CLK0_N
Added Pin To Net: NetName=MIPI_CSI_RX1_CLK0_P Pin=FPC1-2
Added Pin To Net: NetName=MIPI_CSI_RX1_CLK0_P Pin=U1-AL31
Added Net: Name=MIPI_CSI_RX1_CLK0_P
Added Pin To Net: NetName=MIPI_CSI_RX1_D0_N Pin=FPC1-25
Added Pin To Net: NetName=MIPI_CSI_RX1_D0_N Pin=U1-AJ31
Added Net: Name=MIPI_CSI_RX1_D0_N
Added Pin To Net: NetName=MIPI_CSI_RX1_D0_P Pin=FPC1-27
Added Pin To Net: NetName=MIPI_CSI_RX1_D0_P Pin=U1-AJ32
Added Net: Name=MIPI_CSI_RX1_D0_P
Added Pin To Net: NetName=MIPI_CSI_RX1_D1_N Pin=FPC1-29
Added Pin To Net: NetName=MIPI_CSI_RX1_D1_N Pin=U1-AK32
Added Net: Name=MIPI_CSI_RX1_D1_N
Added Pin To Net: NetName=MIPI_CSI_RX1_D1_P Pin=FPC1-31
Added Pin To Net: NetName=MIPI_CSI_RX1_D1_P Pin=U1-AL32
Added Net: Name=MIPI_CSI_RX1_D1_P
Added Pin To Net: NetName=MIPI_CSI_RX1_D2_N Pin=FPC1-33
Added Pin To Net: NetName=MIPI_CSI_RX1_D2_N Pin=U1-AL28
Added Net: Name=MIPI_CSI_RX1_D2_N
Added Pin To Net: NetName=MIPI_CSI_RX1_D2_P Pin=FPC1-35
Added Pin To Net: NetName=MIPI_CSI_RX1_D2_P Pin=U1-AL27
Added Net: Name=MIPI_CSI_RX1_D2_P
Added Pin To Net: NetName=MIPI_CSI_RX1_D3_N Pin=FPC1-37
Added Pin To Net: NetName=MIPI_CSI_RX1_D3_N Pin=U1-AM29
Added Net: Name=MIPI_CSI_RX1_D3_N
Added Pin To Net: NetName=MIPI_CSI_RX1_D3_P Pin=FPC1-39
Added Pin To Net: NetName=MIPI_CSI_RX1_D3_P Pin=U1-AM28
Added Net: Name=MIPI_CSI_RX1_D3_P
Added Pin To Net: NetName=NetC4_1 Pin=C4-1
Added Pin To Net: NetName=NetC4_1 Pin=Q1-4
Added Pin To Net: NetName=NetC4_1 Pin=R1-2
Added Net: Name=NetC4_1
Added Pin To Net: NetName=NetC8_1 Pin=C8-1
Added Pin To Net: NetName=NetC8_1 Pin=C9-1
Added Pin To Net: NetName=NetC8_1 Pin=C10-1
Added Net: Name=NetC8_1
Added Pin To Net: NetName=NetC14_1 Pin=C14-1
Added Pin To Net: NetName=NetC14_1 Pin=IC2-5
Added Pin To Net: NetName=NetC14_1 Pin=R3-2
Added Pin To Net: NetName=NetC14_1 Pin=R4-1
Added Net: Name=NetC14_1
Added Pin To Net: NetName=NetC75_1 Pin=C75-1
Added Pin To Net: NetName=NetC75_1 Pin=C76-1
Added Pin To Net: NetName=NetC75_1 Pin=C77-1
Added Pin To Net: NetName=NetC75_1 Pin=C78-1
Added Pin To Net: NetName=NetC75_1 Pin=C79-1
Added Net: Name=NetC75_1
Added Pin To Net: NetName=NetC127_2 Pin=C127-2
Added Pin To Net: NetName=NetC127_2 Pin=U3-C2
Added Net: Name=NetC127_2
Added Pin To Net: NetName=NetC140_1 Pin=C140-1
Added Pin To Net: NetName=NetC140_1 Pin=IC5-4
Added Pin To Net: NetName=NetC140_1 Pin=Q2-3
Added Pin To Net: NetName=NetC140_1 Pin=R34-1
Added Pin To Net: NetName=NetC140_1 Pin=R35-2
Added Net: Name=NetC140_1
Added Pin To Net: NetName=NetC146_1 Pin=C146-1
Added Pin To Net: NetName=NetC146_1 Pin=Q3-1
Added Pin To Net: NetName=NetC146_1 Pin=R39-1
Added Pin To Net: NetName=NetC146_1 Pin=R40-2
Added Net: Name=NetC146_1
Added Pin To Net: NetName=NetC150_2 Pin=C150-2
Added Pin To Net: NetName=NetC150_2 Pin=R48-1
Added Pin To Net: NetName=NetC150_2 Pin=R49-1
Added Pin To Net: NetName=NetC150_2 Pin=U1-B1-20
Added Net: Name=NetC150_2
Added Pin To Net: NetName=NetC151_2 Pin=C151-2
Added Pin To Net: NetName=NetC151_2 Pin=R50-2
Added Pin To Net: NetName=NetC151_2 Pin=U1-A1-20
Added Net: Name=NetC151_2
Added Pin To Net: NetName=NetC155_2 Pin=C155-2
Added Pin To Net: NetName=NetC155_2 Pin=R55-1
Added Pin To Net: NetName=NetC155_2 Pin=R56-2
Added Pin To Net: NetName=NetC155_2 Pin=U1-AA1-2
Added Net: Name=NetC155_2
Added Pin To Net: NetName=NetC166_2 Pin=C166-2
Added Pin To Net: NetName=NetC166_2 Pin=L9-1
Added Pin To Net: NetName=NetC166_2 Pin=U1-H2-12
Added Net: Name=NetC166_2
Added Pin To Net: NetName=NetD12_2 Pin=D12-2
Added Pin To Net: NetName=NetD12_2 Pin=R51-1
Added Pin To Net: NetName=NetD12_2 Pin=U1-AL2
Added Net: Name=NetD12_2
Added Pin To Net: NetName=NetD13_2 Pin=D13-2
Added Pin To Net: NetName=NetD13_2 Pin=R52-1
Added Pin To Net: NetName=NetD13_2 Pin=U1-AM2
Added Net: Name=NetD13_2
Added Pin To Net: NetName=NetD14_2 Pin=D14-2
Added Pin To Net: NetName=NetD14_2 Pin=R53-1
Added Pin To Net: NetName=NetD14_2 Pin=U1-AL4
Added Net: Name=NetD14_2
Added Pin To Net: NetName=NetD15_2 Pin=D15-2
Added Pin To Net: NetName=NetD15_2 Pin=R54-1
Added Pin To Net: NetName=NetD15_2 Pin=U1-AL3
Added Net: Name=NetD15_2
Added Pin To Net: NetName=NetIC1_D3 Pin=IC1-D3
Added Pin To Net: NetName=NetIC1_D3 Pin=IC1-D4
Added Pin To Net: NetName=NetIC1_D3 Pin=IC1-E3
Added Pin To Net: NetName=NetIC1_D3 Pin=IC1-E4
Added Pin To Net: NetName=NetIC1_D3 Pin=L1-1
Added Net: Name=NetIC1_D3
Added Pin To Net: NetName=NetIC2_1 Pin=IC2-1
Added Pin To Net: NetName=NetIC2_1 Pin=R5-2
Added Net: Name=NetIC2_1
Added Pin To Net: NetName=NetIC2_3 Pin=IC2-3
Added Pin To Net: NetName=NetIC2_3 Pin=L2-1
Added Net: Name=NetIC2_3
Added Pin To Net: NetName=NetIC3_3 Pin=IC3-3
Added Pin To Net: NetName=NetIC3_3 Pin=L3-1
Added Net: Name=NetIC3_3
Added Pin To Net: NetName=NetIC4_28 Pin=IC4-28
Added Pin To Net: NetName=NetIC4_28 Pin=L5-1
Added Net: Name=NetIC4_28
Added Pin To Net: NetName=NetIC6_22 Pin=IC6-22
Added Pin To Net: NetName=NetIC6_22 Pin=R81-1
Added Net: Name=NetIC6_22
Added Pin To Net: NetName=NetIC6_23 Pin=IC6-23
Added Pin To Net: NetName=NetIC6_23 Pin=R80-1
Added Net: Name=NetIC6_23
Added Pin To Net: NetName=NetIC6_24 Pin=IC6-24
Added Pin To Net: NetName=NetIC6_24 Pin=R79-1
Added Net: Name=NetIC6_24
Added Pin To Net: NetName=NetIC6_25 Pin=IC6-25
Added Pin To Net: NetName=NetIC6_25 Pin=R78-1
Added Net: Name=NetIC6_25
Added Pin To Net: NetName=NetIC6_26 Pin=IC6-26
Added Pin To Net: NetName=NetIC6_26 Pin=R77-1
Added Net: Name=NetIC6_26
Added Pin To Net: NetName=NetIC6_27 Pin=IC6-27
Added Pin To Net: NetName=NetIC6_27 Pin=R76-1
Added Net: Name=NetIC6_27
Added Pin To Net: NetName=NetIC6_31 Pin=IC6-31
Added Pin To Net: NetName=NetIC6_31 Pin=R75-1
Added Net: Name=NetIC6_31
Added Pin To Net: NetName=NetIC6_32 Pin=IC6-32
Added Pin To Net: NetName=NetIC6_32 Pin=R74-1
Added Net: Name=NetIC6_32
Added Pin To Net: NetName=NetQ2_1 Pin=Q2-1
Added Pin To Net: NetName=NetQ2_1 Pin=R36-2
Added Pin To Net: NetName=NetQ2_1 Pin=R37-2
Added Net: Name=NetQ2_1
Added Pin To Net: NetName=NetR15_1 Pin=R15-1
Added Pin To Net: NetName=NetR15_1 Pin=R16-1
Added Pin To Net: NetName=NetR15_1 Pin=U1-AL14
Added Net: Name=NetR15_1
Added Pin To Net: NetName=NetR17_1 Pin=R17-1
Added Pin To Net: NetName=NetR17_1 Pin=U1-AL9
Added Net: Name=NetR17_1
Added Pin To Net: NetName=NetR18_1 Pin=R18-1
Added Pin To Net: NetName=NetR18_1 Pin=U1-AM10
Added Net: Name=NetR18_1
Added Pin To Net: NetName=NetR19_1 Pin=R19-1
Added Pin To Net: NetName=NetR19_1 Pin=U1-AL10
Added Net: Name=NetR19_1
Added Pin To Net: NetName=NetR20_2 Pin=R20-2
Added Pin To Net: NetName=NetR20_2 Pin=U1-A2-2
Added Net: Name=NetR20_2
Added Pin To Net: NetName=NetR21_2 Pin=R21-2
Added Pin To Net: NetName=NetR21_2 Pin=U2-A5
Added Net: Name=NetR21_2
Added Pin To Net: NetName=NetR22_2 Pin=R22-2
Added Pin To Net: NetName=NetR22_2 Pin=U2-A8
Added Net: Name=NetR22_2
Added Pin To Net: NetName=NetR25_1 Pin=R25-1
Added Pin To Net: NetName=NetR25_1 Pin=U1-AF2
Added Net: Name=NetR25_1
Added Pin To Net: NetName=NetR27_1 Pin=R27-1
Added Pin To Net: NetName=NetR27_1 Pin=U1-AA1-18
Added Net: Name=NetR27_1
Added Pin To Net: NetName=NetR28_1 Pin=R28-1
Added Pin To Net: NetName=NetR28_1 Pin=U1-AB1-18
Added Net: Name=NetR28_1
Added Pin To Net: NetName=NetR29_1 Pin=R29-1
Added Pin To Net: NetName=NetR29_1 Pin=U1-AA1-20
Added Net: Name=NetR29_1
Added Pin To Net: NetName=NetR30_1 Pin=R30-1
Added Pin To Net: NetName=NetR30_1 Pin=U1-AB1-20
Added Net: Name=NetR30_1
Added Pin To Net: NetName=NetR31_1 Pin=R31-1
Added Pin To Net: NetName=NetR31_1 Pin=U1-AC1-18
Added Net: Name=NetR31_1
Added Pin To Net: NetName=NetR32_1 Pin=R32-1
Added Pin To Net: NetName=NetR32_1 Pin=U1-AC1-20
Added Net: Name=NetR32_1
Added Pin To Net: NetName=NetR41_1 Pin=R41-1
Added Pin To Net: NetName=NetR41_1 Pin=U1-B20
Added Net: Name=NetR41_1
Added Pin To Net: NetName=NetR42_1 Pin=R42-1
Added Pin To Net: NetName=NetR42_1 Pin=U1-A20
Added Net: Name=NetR42_1
Added Pin To Net: NetName=NetR43_1 Pin=R43-1
Added Pin To Net: NetName=NetR43_1 Pin=U1-A23
Added Net: Name=NetR43_1
Added Pin To Net: NetName=NetR44_1 Pin=R44-1
Added Pin To Net: NetName=NetR44_1 Pin=U1-A22
Added Net: Name=NetR44_1
Added Pin To Net: NetName=NetR45_1 Pin=R45-1
Added Pin To Net: NetName=NetR45_1 Pin=U1-B21
Added Net: Name=NetR45_1
Added Pin To Net: NetName=NetR46_1 Pin=R46-1
Added Pin To Net: NetName=NetR46_1 Pin=U1-B22
Added Net: Name=NetR46_1
Added Pin To Net: NetName=NetR47_2 Pin=R47-2
Added Pin To Net: NetName=NetR47_2 Pin=U1-B16
Added Net: Name=NetR47_2
Added Pin To Net: NetName=NetR49_2 Pin=R49-2
Added Pin To Net: NetName=NetR49_2 Pin=SW1-1
Added Net: Name=NetR49_2
Added Pin To Net: NetName=NetR60_1 Pin=R60-1
Added Pin To Net: NetName=NetR60_1 Pin=U1-AF31
Added Net: Name=NetR60_1
Added Pin To Net: NetName=NetR61_1 Pin=R61-1
Added Pin To Net: NetName=NetR61_1 Pin=U1-AE31
Added Net: Name=NetR61_1
Added Pin To Net: NetName=NetR62_1 Pin=R62-1
Added Pin To Net: NetName=NetR62_1 Pin=U1-AA31
Added Net: Name=NetR62_1
Added Pin To Net: NetName=NetR63_1 Pin=R63-1
Added Pin To Net: NetName=NetR63_1 Pin=U1-AA32
Added Net: Name=NetR63_1
Added Pin To Net: NetName=NetR64_1 Pin=R64-1
Added Pin To Net: NetName=NetR64_1 Pin=U1-Y32
Added Net: Name=NetR64_1
Added Pin To Net: NetName=NetR65_1 Pin=R65-1
Added Pin To Net: NetName=NetR65_1 Pin=U1-W31
Added Net: Name=NetR65_1
Added Pin To Net: NetName=NetR66_1 Pin=R66-1
Added Pin To Net: NetName=NetR66_1 Pin=U1-P1-21
Added Net: Name=NetR66_1
Added Pin To Net: NetName=NetR67_1 Pin=R67-1
Added Pin To Net: NetName=NetR67_1 Pin=U1-V32
Added Net: Name=NetR67_1
Added Pin To Net: NetName=NetR68_1 Pin=R68-1
Added Pin To Net: NetName=NetR68_1 Pin=U1-U32
Added Net: Name=NetR68_1
Added Pin To Net: NetName=NetR69_1 Pin=R69-1
Added Pin To Net: NetName=NetR69_1 Pin=U1-U31
Added Net: Name=NetR69_1
Added Pin To Net: NetName=REG_OUT Pin=IC6-30
Added Pin To Net: NetName=REG_OUT Pin=L14-1
Added Net: Name=REG_OUT
Added Pin To Net: NetName=RESET Pin=C41-2
Added Pin To Net: NetName=RESET Pin=IC4-4
Added Pin To Net: NetName=RESET Pin=R14-1
Added Pin To Net: NetName=RESET Pin=U1-AL11
Added Pin To Net: NetName=RESET Pin=U1-AL13
Added Net: Name=RESET
Added Pin To Net: NetName=RGMII_1V Pin=C167-2
Added Pin To Net: NetName=RGMII_1V Pin=C168-2
Added Pin To Net: NetName=RGMII_1V Pin=L12-1
Added Pin To Net: NetName=RGMII_1V Pin=L13-1
Added Pin To Net: NetName=RGMII_1V Pin=L14-2
Added Net: Name=RGMII_1V
Added Pin To Net: NetName=RGMII_INT Pin=R75-2
Added Pin To Net: NetName=RGMII_INT Pin=U1-T1-23
Added Net: Name=RGMII_INT
Added Pin To Net: NetName=RSET Pin=IC6-39
Added Pin To Net: NetName=RSET Pin=R73-1
Added Net: Name=RSET
Added Pin To Net: NetName=RSTB Pin=C170-1
Added Pin To Net: NetName=RSTB Pin=IC6-12
Added Pin To Net: NetName=RSTB Pin=U1-AD32
Added Net: Name=RSTB
Added Pin To Net: NetName=SCL Pin=IC1-A3
Added Pin To Net: NetName=SCL Pin=IC4-2
Added Pin To Net: NetName=SCL Pin=R12-2
Added Pin To Net: NetName=SCL Pin=U1-AA1-8
Added Net: Name=SCL
Added Pin To Net: NetName=SDA Pin=IC1-B1
Added Pin To Net: NetName=SDA Pin=IC4-3
Added Pin To Net: NetName=SDA Pin=R13-1
Added Pin To Net: NetName=SDA Pin=U1-AC1-6
Added Net: Name=SDA
Added Pin To Net: NetName=SDMMC0_CLK Pin=D7-2
Added Pin To Net: NetName=SDMMC0_CLK Pin=R32-2
Added Pin To Net: NetName=SDMMC0_CLK Pin=SD1-5
Added Net: Name=SDMMC0_CLK
Added Pin To Net: NetName=SDMMC0_CMD Pin=D6-2
Added Pin To Net: NetName=SDMMC0_CMD Pin=R31-2
Added Pin To Net: NetName=SDMMC0_CMD Pin=SD1-3
Added Net: Name=SDMMC0_CMD
Added Pin To Net: NetName=SDMMC0_D0 Pin=D11-2
Added Pin To Net: NetName=SDMMC0_D0 Pin=R30-2
Added Pin To Net: NetName=SDMMC0_D0 Pin=SD1-7
Added Net: Name=SDMMC0_D0
Added Pin To Net: NetName=SDMMC0_D1 Pin=D10-2
Added Pin To Net: NetName=SDMMC0_D1 Pin=R29-2
Added Pin To Net: NetName=SDMMC0_D1 Pin=SD1-8
Added Net: Name=SDMMC0_D1
Added Pin To Net: NetName=SDMMC0_D2 Pin=D9-2
Added Pin To Net: NetName=SDMMC0_D2 Pin=R28-2
Added Pin To Net: NetName=SDMMC0_D2 Pin=SD1-1
Added Net: Name=SDMMC0_D2
Added Pin To Net: NetName=SDMMC0_D3 Pin=D8-2
Added Pin To Net: NetName=SDMMC0_D3 Pin=R27-2
Added Pin To Net: NetName=SDMMC0_D3 Pin=SD1-2
Added Net: Name=SDMMC0_D3
Added Pin To Net: NetName=SDMMC0_DETN Pin=D5-2
Added Pin To Net: NetName=SDMMC0_DETN Pin=R19-2
Added Pin To Net: NetName=SDMMC0_DETN Pin=SD1-9
Added Net: Name=SDMMC0_DETN
Added Pin To Net: NetName=SDMMC0_PWREN Pin=R40-1
Added Pin To Net: NetName=SDMMC0_PWREN Pin=U1-D31
Added Net: Name=SDMMC0_PWREN
Added Pin To Net: NetName=SDMMC0_VOL_CTRL Pin=R36-1
Added Pin To Net: NetName=SDMMC0_VOL_CTRL Pin=U1-R31
Added Net: Name=SDMMC0_VOL_CTRL
Added Pin To Net: NetName=SDMMC1_CLK Pin=CN2-1
Added Pin To Net: NetName=SDMMC1_CLK Pin=R46-2
Added Net: Name=SDMMC1_CLK
Added Pin To Net: NetName=SDMMC1_CMD Pin=CN2-5
Added Pin To Net: NetName=SDMMC1_CMD Pin=R45-2
Added Net: Name=SDMMC1_CMD
Added Pin To Net: NetName=SDMMC1_D0 Pin=CN2-7
Added Pin To Net: NetName=SDMMC1_D0 Pin=R44-2
Added Net: Name=SDMMC1_D0
Added Pin To Net: NetName=SDMMC1_D1 Pin=CN2-9
Added Pin To Net: NetName=SDMMC1_D1 Pin=R43-2
Added Net: Name=SDMMC1_D1
Added Pin To Net: NetName=SDMMC1_D2 Pin=CN2-11
Added Pin To Net: NetName=SDMMC1_D2 Pin=R42-2
Added Net: Name=SDMMC1_D2
Added Pin To Net: NetName=SDMMC1_D3 Pin=CN2-13
Added Pin To Net: NetName=SDMMC1_D3 Pin=R41-2
Added Net: Name=SDMMC1_D3
Added Pin To Net: NetName=SW1 Pin=C34-2
Added Pin To Net: NetName=SW1 Pin=IC4-14
Added Pin To Net: NetName=SW1 Pin=L7-1
Added Net: Name=SW1
Added Pin To Net: NetName=SW2 Pin=C27-1
Added Pin To Net: NetName=SW2 Pin=IC4-8
Added Pin To Net: NetName=SW2 Pin=L6-1
Added Net: Name=SW2
Added Pin To Net: NetName=SW3 Pin=IC4-22
Added Pin To Net: NetName=SW3 Pin=L4-1
Added Net: Name=SW3
Added Pin To Net: NetName=UART0_RX Pin=D2-2
Added Pin To Net: NetName=UART0_RX Pin=R17-2
Added Net: Name=UART0_RX
Added Pin To Net: NetName=UART0_TX Pin=D3-2
Added Pin To Net: NetName=UART0_TX Pin=R18-2
Added Net: Name=UART0_TX
Added Pin To Net: NetName=USB_DRD_N Pin=CN2-21
Added Pin To Net: NetName=USB_DRD_N Pin=R52-2
Added Net: Name=USB_DRD_N
Added Pin To Net: NetName=USB_DRD_P Pin=CN2-23
Added Pin To Net: NetName=USB_DRD_P Pin=R51-2
Added Net: Name=USB_DRD_P
Added Pin To Net: NetName=USB_HOST_N Pin=CN2-17
Added Pin To Net: NetName=USB_HOST_N Pin=R54-2
Added Net: Name=USB_HOST_N
Added Pin To Net: NetName=USB_HOST_P Pin=CN2-19
Added Pin To Net: NetName=USB_HOST_P Pin=R53-2
Added Net: Name=USB_HOST_P
Added Pin To Net: NetName=USB_VBUS Pin=CN2-25
Added Pin To Net: NetName=USB_VBUS Pin=R55-2
Added Net: Name=USB_VBUS
Added Pin To Net: NetName=VCC0V6_DDR Pin=C16-2
Added Pin To Net: NetName=VCC0V6_DDR Pin=C75-2
Added Pin To Net: NetName=VCC0V6_DDR Pin=C76-2
Added Pin To Net: NetName=VCC0V6_DDR Pin=C77-2
Added Pin To Net: NetName=VCC0V6_DDR Pin=C78-2
Added Pin To Net: NetName=VCC0V6_DDR Pin=C79-2
Added Pin To Net: NetName=VCC0V6_DDR Pin=C98-2
Added Pin To Net: NetName=VCC0V6_DDR Pin=C99-2
Added Pin To Net: NetName=VCC0V6_DDR Pin=C100-2
Added Pin To Net: NetName=VCC0V6_DDR Pin=C101-2
Added Pin To Net: NetName=VCC0V6_DDR Pin=C102-2
Added Pin To Net: NetName=VCC0V6_DDR Pin=C103-2
Added Pin To Net: NetName=VCC0V6_DDR Pin=C104-2
Added Pin To Net: NetName=VCC0V6_DDR Pin=C105-2
Added Pin To Net: NetName=VCC0V6_DDR Pin=C106-2
Added Pin To Net: NetName=VCC0V6_DDR Pin=C107-2
Added Pin To Net: NetName=VCC0V6_DDR Pin=C108-2
Added Pin To Net: NetName=VCC0V6_DDR Pin=C109-2
Added Pin To Net: NetName=VCC0V6_DDR Pin=C110-2
Added Pin To Net: NetName=VCC0V6_DDR Pin=C111-2
Added Pin To Net: NetName=VCC0V6_DDR Pin=C112-2
Added Pin To Net: NetName=VCC0V6_DDR Pin=C113-2
Added Pin To Net: NetName=VCC0V6_DDR Pin=C114-2
Added Pin To Net: NetName=VCC0V6_DDR Pin=C115-2
Added Pin To Net: NetName=VCC0V6_DDR Pin=IC3-5
Added Pin To Net: NetName=VCC0V6_DDR Pin=L3-2
Added Pin To Net: NetName=VCC0V6_DDR Pin=U1-E2-4
Added Pin To Net: NetName=VCC0V6_DDR Pin=U1-F2-4
Added Pin To Net: NetName=VCC0V6_DDR Pin=U2-AA3
Added Pin To Net: NetName=VCC0V6_DDR Pin=U2-AA5
Added Pin To Net: NetName=VCC0V6_DDR Pin=U2-AA8
Added Pin To Net: NetName=VCC0V6_DDR Pin=U2-AA10
Added Pin To Net: NetName=VCC0V6_DDR Pin=U2-B3
Added Pin To Net: NetName=VCC0V6_DDR Pin=U2-B5
Added Pin To Net: NetName=VCC0V6_DDR Pin=U2-B8
Added Pin To Net: NetName=VCC0V6_DDR Pin=U2-B10
Added Pin To Net: NetName=VCC0V6_DDR Pin=U2-D1
Added Pin To Net: NetName=VCC0V6_DDR Pin=U2-D5
Added Pin To Net: NetName=VCC0V6_DDR Pin=U2-D8
Added Pin To Net: NetName=VCC0V6_DDR Pin=U2-D12
Added Pin To Net: NetName=VCC0V6_DDR Pin=U2-F3
Added Pin To Net: NetName=VCC0V6_DDR Pin=U2-F10
Added Pin To Net: NetName=VCC0V6_DDR Pin=U2-U3
Added Pin To Net: NetName=VCC0V6_DDR Pin=U2-U10
Added Pin To Net: NetName=VCC0V6_DDR Pin=U2-W1
Added Pin To Net: NetName=VCC0V6_DDR Pin=U2-W5
Added Pin To Net: NetName=VCC0V6_DDR Pin=U2-W8
Added Pin To Net: NetName=VCC0V6_DDR Pin=U2-W12
Added Net: Name=VCC0V6_DDR
Added Pin To Net: NetName=VCC0V9 Pin=C13-2
Added Pin To Net: NetName=VCC0V9 Pin=C14-2
Added Pin To Net: NetName=VCC0V9 Pin=C62-2
Added Pin To Net: NetName=VCC0V9 Pin=C64-1
Added Pin To Net: NetName=VCC0V9 Pin=C154-2
Added Pin To Net: NetName=VCC0V9 Pin=L2-2
Added Pin To Net: NetName=VCC0V9 Pin=R4-2
Added Pin To Net: NetName=VCC0V9 Pin=U1-K2-4
Added Pin To Net: NetName=VCC0V9 Pin=U1-K2-5
Added Net: Name=VCC0V9
Added Pin To Net: NetName=VCC3V3_SD Pin=C143-2
Added Pin To Net: NetName=VCC3V3_SD Pin=C144-2
Added Pin To Net: NetName=VCC3V3_SD Pin=C145-2
Added Pin To Net: NetName=VCC3V3_SD Pin=D4-2
Added Pin To Net: NetName=VCC3V3_SD Pin=Q3-3
Added Pin To Net: NetName=VCC3V3_SD Pin=R38-2
Added Pin To Net: NetName=VCC3V3_SD Pin=SD1-4
Added Net: Name=VCC3V3_SD
Added Pin To Net: NetName=VCC3V3 Pin=C22-2
Added Pin To Net: NetName=VCC3V3 Pin=C133-2
Added Pin To Net: NetName=VCC3V3 Pin=C134-2
Added Pin To Net: NetName=VCC3V3 Pin=C135-2
Added Pin To Net: NetName=VCC3V3 Pin=C136-2
Added Pin To Net: NetName=VCC3V3 Pin=C137-2
Added Pin To Net: NetName=VCC3V3 Pin=C146-2
Added Pin To Net: NetName=VCC3V3 Pin=C152-2
Added Pin To Net: NetName=VCC3V3 Pin=C156-2
Added Pin To Net: NetName=VCC3V3 Pin=C157-2
Added Pin To Net: NetName=VCC3V3 Pin=C?-2
Added Pin To Net: NetName=VCC3V3 Pin=IC4-24
Added Pin To Net: NetName=VCC3V3 Pin=Q3-2
Added Pin To Net: NetName=VCC3V3 Pin=R33-1
Added Pin To Net: NetName=VCC3V3 Pin=R39-2
Added Pin To Net: NetName=VCC3V3 Pin=R57-2
Added Pin To Net: NetName=VCC3V3 Pin=U1-E2-12
Added Pin To Net: NetName=VCC3V3 Pin=U1-F2-12
Added Pin To Net: NetName=VCC3V3 Pin=U1-K2-2
Added Pin To Net: NetName=VCC3V3 Pin=U1-L2-9
Added Pin To Net: NetName=VCC3V3 Pin=U3-E6
Added Pin To Net: NetName=VCC3V3 Pin=U3-F5
Added Pin To Net: NetName=VCC3V3 Pin=U3-J10
Added Pin To Net: NetName=VCC3V3 Pin=U3-K9
Added Pin To Net: NetName=VCC3V3 Pin=U4-4
Added Net: Name=VCC3V3
Added Pin To Net: NetName=VCC_1V8A Pin=C148-2
Added Pin To Net: NetName=VCC_1V8A Pin=C149-1
Added Pin To Net: NetName=VCC_1V8A Pin=L8-1
Added Pin To Net: NetName=VCC_1V8A Pin=R48-2
Added Pin To Net: NetName=VCC_1V8A Pin=U1-B2-9
Added Net: Name=VCC_1V8A
Added Pin To Net: NetName=VCC_1V8 Pin=C38-2
Added Pin To Net: NetName=VCC_1V8 Pin=C42-2
Added Pin To Net: NetName=VCC_1V8 Pin=C63-2
Added Pin To Net: NetName=VCC_1V8 Pin=C116-2
Added Pin To Net: NetName=VCC_1V8 Pin=C117-2
Added Pin To Net: NetName=VCC_1V8 Pin=C118-2
Added Pin To Net: NetName=VCC_1V8 Pin=C119-2
Added Pin To Net: NetName=VCC_1V8 Pin=C120-2
Added Pin To Net: NetName=VCC_1V8 Pin=C121-2
Added Pin To Net: NetName=VCC_1V8 Pin=C122-2
Added Pin To Net: NetName=VCC_1V8 Pin=C123-2
Added Pin To Net: NetName=VCC_1V8 Pin=C124-2
Added Pin To Net: NetName=VCC_1V8 Pin=C125-2
Added Pin To Net: NetName=VCC_1V8 Pin=C128-2
Added Pin To Net: NetName=VCC_1V8 Pin=C129-2
Added Pin To Net: NetName=VCC_1V8 Pin=C130-2
Added Pin To Net: NetName=VCC_1V8 Pin=C131-2
Added Pin To Net: NetName=VCC_1V8 Pin=C132-2
Added Pin To Net: NetName=VCC_1V8 Pin=C147-2
Added Pin To Net: NetName=VCC_1V8 Pin=C153-2
Added Pin To Net: NetName=VCC_1V8 Pin=C160-2
Added Pin To Net: NetName=VCC_1V8 Pin=C163-2
Added Pin To Net: NetName=VCC_1V8 Pin=C164-2
Added Pin To Net: NetName=VCC_1V8 Pin=C165-2
Added Pin To Net: NetName=VCC_1V8 Pin=C169-2
Added Pin To Net: NetName=VCC_1V8 Pin=C185-2
Added Pin To Net: NetName=VCC_1V8 Pin=FPC1-30
Added Pin To Net: NetName=VCC_1V8 Pin=IC4-16
Added Pin To Net: NetName=VCC_1V8 Pin=IC6-28
Added Pin To Net: NetName=VCC_1V8 Pin=L8-2
Added Pin To Net: NetName=VCC_1V8 Pin=L9-2
Added Pin To Net: NetName=VCC_1V8 Pin=R23-2
Added Pin To Net: NetName=VCC_1V8 Pin=R24-2
Added Pin To Net: NetName=VCC_1V8 Pin=R26-2
Added Pin To Net: NetName=VCC_1V8 Pin=R50-1
Added Pin To Net: NetName=VCC_1V8 Pin=R58-2
Added Pin To Net: NetName=VCC_1V8 Pin=R59-2
Added Pin To Net: NetName=VCC_1V8 Pin=R70-2
Added Pin To Net: NetName=VCC_1V8 Pin=U1-B2-8
Added Pin To Net: NetName=VCC_1V8 Pin=U1-C2-13
Added Pin To Net: NetName=VCC_1V8 Pin=U1-G2-12
Added Pin To Net: NetName=VCC_1V8 Pin=U1-J2-2
Added Pin To Net: NetName=VCC_1V8 Pin=U1-J2-4
Added Pin To Net: NetName=VCC_1V8 Pin=U1-J2-12
Added Pin To Net: NetName=VCC_1V8 Pin=U1-K2-11
Added Pin To Net: NetName=VCC_1V8 Pin=U1-L2-2
Added Pin To Net: NetName=VCC_1V8 Pin=U1-L2-11
Added Pin To Net: NetName=VCC_1V8 Pin=U2-F1
Added Pin To Net: NetName=VCC_1V8 Pin=U2-F12
Added Pin To Net: NetName=VCC_1V8 Pin=U2-G4
Added Pin To Net: NetName=VCC_1V8 Pin=U2-G9
Added Pin To Net: NetName=VCC_1V8 Pin=U2-T4
Added Pin To Net: NetName=VCC_1V8 Pin=U2-T9
Added Pin To Net: NetName=VCC_1V8 Pin=U2-U1
Added Pin To Net: NetName=VCC_1V8 Pin=U2-U12
Added Pin To Net: NetName=VCC_1V8 Pin=U3-C6
Added Pin To Net: NetName=VCC_1V8 Pin=U3-M4
Added Pin To Net: NetName=VCC_1V8 Pin=U3-N4
Added Pin To Net: NetName=VCC_1V8 Pin=U3-P3
Added Pin To Net: NetName=VCC_1V8 Pin=U3-P5
Added Net: Name=VCC_1V8
Added Pin To Net: NetName=VCC_DDR Pin=C19-2
Added Pin To Net: NetName=VCC_DDR Pin=C20-2
Added Pin To Net: NetName=VCC_DDR Pin=C67-2
Added Pin To Net: NetName=VCC_DDR Pin=C68-2
Added Pin To Net: NetName=VCC_DDR Pin=C69-2
Added Pin To Net: NetName=VCC_DDR Pin=C70-2
Added Pin To Net: NetName=VCC_DDR Pin=C71-2
Added Pin To Net: NetName=VCC_DDR Pin=C72-2
Added Pin To Net: NetName=VCC_DDR Pin=C73-2
Added Pin To Net: NetName=VCC_DDR Pin=C74-2
Added Pin To Net: NetName=VCC_DDR Pin=C80-2
Added Pin To Net: NetName=VCC_DDR Pin=C81-2
Added Pin To Net: NetName=VCC_DDR Pin=C82-2
Added Pin To Net: NetName=VCC_DDR Pin=C83-2
Added Pin To Net: NetName=VCC_DDR Pin=C84-2
Added Pin To Net: NetName=VCC_DDR Pin=C85-2
Added Pin To Net: NetName=VCC_DDR Pin=C86-2
Added Pin To Net: NetName=VCC_DDR Pin=C87-2
Added Pin To Net: NetName=VCC_DDR Pin=C88-2
Added Pin To Net: NetName=VCC_DDR Pin=C89-2
Added Pin To Net: NetName=VCC_DDR Pin=C90-2
Added Pin To Net: NetName=VCC_DDR Pin=C91-2
Added Pin To Net: NetName=VCC_DDR Pin=C92-2
Added Pin To Net: NetName=VCC_DDR Pin=C93-2
Added Pin To Net: NetName=VCC_DDR Pin=C94-2
Added Pin To Net: NetName=VCC_DDR Pin=C95-2
Added Pin To Net: NetName=VCC_DDR Pin=C96-2
Added Pin To Net: NetName=VCC_DDR Pin=C97-2
Added Pin To Net: NetName=VCC_DDR Pin=L4-2
Added Pin To Net: NetName=VCC_DDR Pin=R9-2
Added Pin To Net: NetName=VCC_DDR Pin=R20-1
Added Pin To Net: NetName=VCC_DDR Pin=R21-1
Added Pin To Net: NetName=VCC_DDR Pin=R22-1
Added Pin To Net: NetName=VCC_DDR Pin=U1-C2-3
Added Pin To Net: NetName=VCC_DDR Pin=U1-C2-4
Added Pin To Net: NetName=VCC_DDR Pin=U1-C2-5
Added Pin To Net: NetName=VCC_DDR Pin=U1-D2-3
Added Pin To Net: NetName=VCC_DDR Pin=U1-E2-3
Added Pin To Net: NetName=VCC_DDR Pin=U1-F2-3
Added Pin To Net: NetName=VCC_DDR Pin=U2-A4
Added Pin To Net: NetName=VCC_DDR Pin=U2-A9
Added Pin To Net: NetName=VCC_DDR Pin=U2-AB4
Added Pin To Net: NetName=VCC_DDR Pin=U2-AB9
Added Pin To Net: NetName=VCC_DDR Pin=U2-F5
Added Pin To Net: NetName=VCC_DDR Pin=U2-F8
Added Pin To Net: NetName=VCC_DDR Pin=U2-G2
Added Pin To Net: NetName=VCC_DDR Pin=U2-H1
Added Pin To Net: NetName=VCC_DDR Pin=U2-H5
Added Pin To Net: NetName=VCC_DDR Pin=U2-H8
Added Pin To Net: NetName=VCC_DDR Pin=U2-H12
Added Pin To Net: NetName=VCC_DDR Pin=U2-K1
Added Pin To Net: NetName=VCC_DDR Pin=U2-K3
Added Pin To Net: NetName=VCC_DDR Pin=U2-K10
Added Pin To Net: NetName=VCC_DDR Pin=U2-K12
Added Pin To Net: NetName=VCC_DDR Pin=U2-N1
Added Pin To Net: NetName=VCC_DDR Pin=U2-N3
Added Pin To Net: NetName=VCC_DDR Pin=U2-N10
Added Pin To Net: NetName=VCC_DDR Pin=U2-N12
Added Pin To Net: NetName=VCC_DDR Pin=U2-R1
Added Pin To Net: NetName=VCC_DDR Pin=U2-R5
Added Pin To Net: NetName=VCC_DDR Pin=U2-R8
Added Pin To Net: NetName=VCC_DDR Pin=U2-R12
Added Pin To Net: NetName=VCC_DDR Pin=U2-T2
Added Pin To Net: NetName=VCC_DDR Pin=U2-U5
Added Pin To Net: NetName=VCC_DDR Pin=U2-U8
Added Net: Name=VCC_DDR
Added Pin To Net: NetName=VCCIO_SD Pin=C138-1
Added Pin To Net: NetName=VCCIO_SD Pin=C140-2
Added Pin To Net: NetName=VCCIO_SD Pin=C141-1
Added Pin To Net: NetName=VCCIO_SD Pin=IC5-5
Added Pin To Net: NetName=VCCIO_SD Pin=R34-2
Added Pin To Net: NetName=VCCIO_SD Pin=U1-L2-10
Added Net: Name=VCCIO_SD
Added Pin To Net: NetName=VDC Pin=C18-2
Added Pin To Net: NetName=VDC Pin=IC4-20
Added Pin To Net: NetName=VDC Pin=R7-1
Added Pin To Net: NetName=VDC Pin=R8-2
Added Net: Name=VDC
Added Pin To Net: NetName=VDD_ARM Pin=C28-2
Added Pin To Net: NetName=VDD_ARM Pin=C50-2
Added Pin To Net: NetName=VDD_ARM Pin=C51-2
Added Pin To Net: NetName=VDD_ARM Pin=C52-2
Added Pin To Net: NetName=VDD_ARM Pin=C53-2
Added Pin To Net: NetName=VDD_ARM Pin=C54-2
Added Pin To Net: NetName=VDD_ARM Pin=IC4-27
Added Pin To Net: NetName=VDD_ARM Pin=L5-2
Added Pin To Net: NetName=VDD_ARM Pin=U1-H2-6
Added Pin To Net: NetName=VDD_ARM Pin=U1-H2-7
Added Pin To Net: NetName=VDD_ARM Pin=U1-H2-8
Added Pin To Net: NetName=VDD_ARM Pin=U1-J2-6
Added Pin To Net: NetName=VDD_ARM Pin=U1-J2-7
Added Pin To Net: NetName=VDD_ARM Pin=U1-J2-8
Added Pin To Net: NetName=VDD_ARM Pin=U1-J2-9
Added Net: Name=VDD_ARM
Added Pin To Net: NetName=VDD_NPU Pin=C35-2
Added Pin To Net: NetName=VDD_NPU Pin=C36-2
Added Pin To Net: NetName=VDD_NPU Pin=C37-2
Added Pin To Net: NetName=VDD_NPU Pin=C55-2
Added Pin To Net: NetName=VDD_NPU Pin=C56-2
Added Pin To Net: NetName=VDD_NPU Pin=C57-2
Added Pin To Net: NetName=VDD_NPU Pin=C58-2
Added Pin To Net: NetName=VDD_NPU Pin=C59-2
Added Pin To Net: NetName=VDD_NPU Pin=IC4-12
Added Pin To Net: NetName=VDD_NPU Pin=L7-2
Added Pin To Net: NetName=VDD_NPU Pin=U1-D2-6
Added Pin To Net: NetName=VDD_NPU Pin=U1-D2-7
Added Pin To Net: NetName=VDD_NPU Pin=U1-D2-8
Added Pin To Net: NetName=VDD_NPU Pin=U1-E2-6
Added Pin To Net: NetName=VDD_NPU Pin=U1-E2-7
Added Pin To Net: NetName=VDD_NPU Pin=U1-E2-8
Added Net: Name=VDD_NPU
Added Pin To Net: NetName=VDD_VEPU_LOGIC Pin=C5-2
Added Pin To Net: NetName=VDD_VEPU_LOGIC Pin=C6-1
Added Pin To Net: NetName=VDD_VEPU_LOGIC Pin=C7-1
Added Pin To Net: NetName=VDD_VEPU_LOGIC Pin=C43-2
Added Pin To Net: NetName=VDD_VEPU_LOGIC Pin=C44-2
Added Pin To Net: NetName=VDD_VEPU_LOGIC Pin=C45-2
Added Pin To Net: NetName=VDD_VEPU_LOGIC Pin=C46-2
Added Pin To Net: NetName=VDD_VEPU_LOGIC Pin=C47-2
Added Pin To Net: NetName=VDD_VEPU_LOGIC Pin=C48-2
Added Pin To Net: NetName=VDD_VEPU_LOGIC Pin=C49-2
Added Pin To Net: NetName=VDD_VEPU_LOGIC Pin=IC1-A4
Added Pin To Net: NetName=VDD_VEPU_LOGIC Pin=L1-2
Added Pin To Net: NetName=VDD_VEPU_LOGIC Pin=U1-E2-5
Added Pin To Net: NetName=VDD_VEPU_LOGIC Pin=U1-E2-10
Added Pin To Net: NetName=VDD_VEPU_LOGIC Pin=U1-F2-5
Added Pin To Net: NetName=VDD_VEPU_LOGIC Pin=U1-F2-10
Added Pin To Net: NetName=VDD_VEPU_LOGIC Pin=U1-G2-5
Added Pin To Net: NetName=VDD_VEPU_LOGIC Pin=U1-G2-10
Added Pin To Net: NetName=VDD_VEPU_LOGIC Pin=U1-H2-4
Added Net: Name=VDD_VEPU_LOGIC
Added Pin To Net: NetName=VFB3 Pin=C20-1
Added Pin To Net: NetName=VFB3 Pin=IC4-23
Added Pin To Net: NetName=VFB3 Pin=R9-1
Added Pin To Net: NetName=VFB3 Pin=R10-2
Added Net: Name=VFB3
Added Pin To Net: NetName=XIN Pin=C60-2
Added Pin To Net: NetName=XIN Pin=R16-2
Added Pin To Net: NetName=XIN Pin=U1-AL15
Added Pin To Net: NetName=XIN Pin=X1-1
Added Net: Name=XIN
Added Pin To Net: NetName=XOUT Pin=C61-1
Added Pin To Net: NetName=XOUT Pin=R15-2
Added Pin To Net: NetName=XOUT Pin=X1-3
Added Net: Name=XOUT
Added Class: Name=CANFD
Added Class: Name=Connector
Added Class: Name=EMMC CHIP
Added Class: Name=LPDDR4X SDRAM
Added Class: Name=MIPI_CSI
Added Class: Name=OTHER
Added Class: Name=PMIC
Added Class: Name=PMUIO_BLOCK
Added Class: Name=Power Pins Page RV1126
Added Class: Name=PWR_IN
Added Class: Name=RGMII_PHY
Added Class: Name=RGMII
Added Class: Name=RV1126B EMMC
Added Class: Name=SARADC
Added Class: Name=SDCARD
Added Class: Name=SDMMC1
Added Class: Name=SDMMC RV1126B
Added Class: Name=SDRAM RV1126B
Added Class: Name=USB 2.0 CONTROLLER
Added Class: Name=CSI_DIFF_CLASS
Added Class: Name=DDR_A_50OHM
Added Class: Name=DDR_CTRL_50OHM
Added Class: Name=DDR_DATABIT_50OHM
Added Class: Name=DDR_DM_50OHM
Added Class: Name=DIFF_PAIR_CLASS
Added Class: Name=EMMC_50OHM
Added Class: Name=MAC_50OHM
Added Class: Name=SDIO_50OHM
Added Class: Name=SDMMC1_50OHM
Added Class: Name=USB_DIFF_CLASS
Added Differential Pair: Name=DDRA_CLK
Added Differential Pair: Name=DDRA_DQS0
Added Differential Pair: Name=DDRA_DQS1
Added Differential Pair: Name=DDRB_CLK
Added Differential Pair: Name=DDRB_DQS0
Added Differential Pair: Name=DDRB_DQS1
Added Differential Pair: Name=MDI0
Added Differential Pair: Name=MDI1
Added Differential Pair: Name=MDI2
Added Differential Pair: Name=MDI3
Added Differential Pair: Name=MIPI_CSI_RX0_CLK0
Added Differential Pair: Name=MIPI_CSI_RX0_D0
Added Differential Pair: Name=MIPI_CSI_RX0_D1
Added Differential Pair: Name=MIPI_CSI_RX0_D2
Added Differential Pair: Name=MIPI_CSI_RX0_D3
Added Differential Pair: Name=MIPI_CSI_RX1_CLK0
Added Differential Pair: Name=MIPI_CSI_RX1_D0
Added Differential Pair: Name=MIPI_CSI_RX1_D1
Added Differential Pair: Name=MIPI_CSI_RX1_D2
Added Differential Pair: Name=MIPI_CSI_RX1_D3
Added Differential Pair: Name=USB_DRD
Added Differential Pair: Name=USB_HOST
Added Rule: Name=Schematic Supply Nets
Added Rule: Name=Schematic Supply Nets_1
Added Rule: Name=Schematic Supply Nets_2
Added Rule: Name=Schematic Supply Nets_3
Added Rule: Name=Schematic Supply Nets_4
Added Rule: Name=Schematic Supply Nets_5
Added Rule: Name=Schematic Supply Nets_6
Added Rule: Name=Schematic Supply Nets_7
Added Rule: Name=Schematic Supply Nets_8
Added Rule: Name=Schematic Supply Nets_9
Added Rule: Name=Schematic Supply Nets_10
Added Rule: Name=Schematic Supply Nets_11
Added Rule: Name=Schematic Supply Nets_12
Added Rule: Name=Schematic Supply Nets_13
Added Rule: Name=Schematic Supply Nets_14
Added Rule: Name=Schematic Supply Nets_15
Added Rule: Name=Schematic Supply Nets_16
Added Rule: Name=Schematic Supply Nets_17
Added Rule: Name=Schematic Supply Nets_18
Added Rule: Name=Schematic Supply Nets_19
Added Rule: Name=Schematic Supply Nets_20
Added Class: Name=CSI_DIFF_100OHM
Added Class: Name=DIFF100_DDR_CLK
Added Class: Name=DIFF100_DDR_DQS
Added Class: Name=PHY_DIFF_100
Added Class: Name=USB_DIFF_90OHM
